candidate_idx,conversation_id,message_count,duration_minutes,flags,dialogue_text,primary_intent,escalation_needed,escalation_rationale,evidence_notes,ambiguity_notes
1,1132199,2,489.0,Clean,"[Turn 0 | CUSTOMER | @386796 | 2017-10-14 09:04:59] (root):
@43229 @Tesco good service from Victoria on the tills at flitwick this morning, this is why customers prefer not to use self service

[Turn 1 | TESCO | @Tesco | 2017-10-14 17:14:01] (in reply to 1132199):
@386796 @43229 Hi Mark, I've called the store Duty Manager who confirmed she'll pass your message along to Victoria. TY - Reece",store_experience_and_staff,do_not_escalate,none,Store: Flitwick,
2,1225266,2,28.9,Clean,"[Turn 0 | CUSTOMER | @407453 | 2017-10-25 15:55:20] (root):
@Tesco can you reply to my dm please thank you :)

[Turn 1 | TESCO | @Tesco | 2017-10-25 16:24:11] (in reply to 1225266):
@407453 Hi. I've replied to your DM :) - Chris",general_feedback_and_chitchat,do_not_escalate,none,,
3,1365750,2,20.3,Clean,"[Turn 0 | CUSTOMER | @437952 | 2017-10-27 21:10:40] (root):
Hi @Tesco I’m @49880 personal trainer. Can you ban her from your stores please. Thank you https://t.co/pIzotKURKO

[Turn 1 | TESCO | @Tesco | 2017-10-27 21:30:59] (in reply to 1365750):
@437952 @49880 Sorry Scott, everyone deserves waffles! TY - Struan #wafflegoals",general_feedback_and_chitchat,do_not_escalate,none,,"Banter/joke tweet, not a genuine complaint"
4,1383106,2,612.2,Clean,"[Turn 0 | CUSTOMER | @441880 | 2017-10-27 21:23:56] (root):
I swear all Tesco do is mess me around

[Turn 1 | TESCO | @Tesco | 2017-10-28 07:36:08] (in reply to 1383106):
@441880 Hi Chloe, I have sent you a DM. Ty Andrew",general_feedback_and_chitchat,escalate,requires_pii_or_dm,,Complaint too vague to identify specific issue; agent moved straight to DM
5,143066,2,5.8,Clean,"[Turn 0 | CUSTOMER | @148307 | 2017-11-24 12:54:24] (root):
@Tesco Appalled by inhumane treatment of heavily pregnant Big Issue seller outside West Dulwich store. You won’t let her sit down. WHY?! Sort it out.

[Turn 1 | TESCO | @Tesco | 2017-11-24 13:00:10] (in reply to 143066):
@148307 Hi Alice, I'm so sorry to hear this! Can you DM us an elaboration of what happened please? Can you also include the time this happened and name or description of my colleague/s? Thanks - Jazzie https://t.co/py5Z991Bme",store_experience_and_staff,escalate,formal_complaint,Store: West Dulwich,
6,1444616,2,54.2,Clean,"[Turn 0 | CUSTOMER | @455227 | 2017-10-20 13:36:10] (root):
@Tesco after my husbands account was merged with mine (supposedly) we cannot use any of the vouchers we get sent! It’s very frustrating https://t.co/4v5sJxjRw2

[Turn 1 | TESCO | @Tesco | 2017-10-20 14:30:24] (in reply to 1444616):
@455227 I am sorry, Donna. Please DM your name, address, email address and Clubcard number. Thanks - Leighton",clubcard_and_loyalty,escalate,requires_pii_or_dm,,
7,14899,2,314.8,Clean,"[Turn 0 | CUSTOMER | @119228 | 2017-10-31 21:39:25] (root):
Another @Tesco delivery late again. #nodinner tonight

[Turn 1 | TESCO | @Tesco | 2017-11-01 02:54:14] (in reply to 14899):
@119228 Sorry Joe, did you receive your order? - Ceri",delivery_and_orders,do_not_escalate,none,,
8,1542038,2,40.0,Clean,"[Turn 0 | CUSTOMER | @164399 | 2017-11-03 22:05:22] (root):
@Tesco Is there any possible way that a HUGE fan like me simply get a follow from you it would truly mean the world to me! 😁

[Turn 1 | TESCO | @Tesco | 2017-11-03 22:45:23] (in reply to 1542038):
@164399 Yeah of course. All done. - Reece",general_feedback_and_chitchat,do_not_escalate,none,,
9,1573163,2,73.3,Clean,"[Turn 0 | CUSTOMER | @484918 | 2017-11-04 12:46:45] (root):
If you don't lift the nozzle in time at a Tesco filling station do they charge you? @Tesco has charged me £1 - is that right?

[Turn 1 | TESCO | @Tesco | 2017-11-04 14:00:04] (in reply to 1573163):
@484918 Hi Anouska. The £1 is to authorise your card but goes back on. Don't worry you haven't been charged. TY- Charlotte",pricing_promotions_and_vouchers,do_not_escalate,none,Fuel pump £1 pre-authorisation hold,
10,1585462,2,587.9,Clean,"[Turn 0 | CUSTOMER | @315216 | 2017-11-04 11:20:28] (root):
@Tesco however, the lady working on the food click &amp; collect hub is doing a great job

[Turn 1 | TESCO | @Tesco | 2017-11-04 21:08:24] (in reply to 1585462):
@315216 I'm so sorry Kezia! Can you please DM your full name, address and email so I can feed this back to Management? Thanks - Emma",store_experience_and_staff,escalate,requires_pii_or_dm,,"Compliment about staff, but DM requested to document for management"
11,162191,2,28.9,Clean,"[Turn 0 | CUSTOMER | @153439 | 2017-11-24 18:44:11] (root):
@Tesco hi i ordered a club card a while ago and it''s still not arrived yet! any idea whats happened?

[Turn 1 | TESCO | @Tesco | 2017-11-24 19:13:08] (in reply to 162191):
@153439 Hi Kieran, sorry about that! If you can DM over a few details, I'd be glad to have a look at what's happened. Can you DM us your full name, postcode &amp; address and email please? Thanks - Josh https://t.co/py5Z991Bme",clubcard_and_loyalty,escalate,requires_pii_or_dm,,
12,162203,2,53.7,Clean,"[Turn 0 | CUSTOMER | @153444 | 2017-11-24 17:57:09] (root):
@tesco all geared up for #blackFriday https://t.co/92DzGfBIF5

[Turn 1 | TESCO | @Tesco | 2017-11-24 18:50:50] (in reply to 162203):
@153444 Hi Lucy, this is more than likely human error .Can you DM me which store this is and I will feed it back to them? - Nick",general_feedback_and_chitchat,escalate,requires_pii_or_dm,,Reply content appears mismatched with root tweet
13,1635909,2,554.5,Clean,"[Turn 0 | CUSTOMER | @500390 | 2017-11-05 12:05:17] (root):
Congratulations @Tesco #onlineshopping #homedelivery @53450 this is just the tip of the iceberg. 53 items/ 34 bags! https://t.co/GMrNSItx6w

[Turn 1 | TESCO | @Tesco | 2017-11-05 21:19:45] (in reply to 1635909):
@500390 Sorry this is a bit excessive. If you DM me with your full name, address and order number then I'll feed this back. TY. - Mart",general_feedback_and_chitchat,escalate,requires_pii_or_dm,Concern: large delivery order (53 items/34 bags),
14,1690324,2,7.1,Clean,"[Turn 0 | CUSTOMER | @513164 | 2017-10-17 16:47:51] (root):
@Tesco could you read my DM please

[Turn 1 | TESCO | @Tesco | 2017-10-17 16:54:56] (in reply to 1690324):
@513164 Please check your DM's I have messaged you. - Rocsi",general_feedback_and_chitchat,do_not_escalate,none,,
15,1788884,2,31.9,Clean,"[Turn 0 | CUSTOMER | @127239 | 2017-10-12 17:12:05] (root):
@221914 you need to get stock to @Tesco Cheetham Hill, no sausages &amp; no 1/4 lb mozzarella burgers. Is there a shortage as low stock?

[Turn 1 | TESCO | @Tesco | 2017-10-12 17:44:02] (in reply to 1788884):
@127239 Hi Sam, sorry about that! If you can DM us letting us know which store you would like these in, we can look into this for you. Thanks - Josh",stock_and_availability,escalate,requires_pii_or_dm,Store: Cheetham Hill,
16,1807506,2,3.5,Clean,"[Turn 0 | CUSTOMER | @543014 | 2017-10-14 12:18:08] (root):
Trying to cancel pet insurance with @Tesco been on hold for 15 minutes so far 😡😡😡

[Turn 1 | TESCO | @Tesco | 2017-10-14 12:21:40] (in reply to 1807506):
@543014 I'm sorry there's such a wait Michelle. Our team are available until 5pm, so you could try again later when they're a bit quieter :-) -Scott",general_feedback_and_chitchat,do_not_escalate,none,,Pet insurance phone hold query; outside core categories
17,1917583,2,29.2,Clean,"[Turn 0 | CUSTOMER | @571105 | 2017-10-26 09:32:43] (root):
@Tesco customer service stinks as much as the rancid duck legs I returned.

[Turn 1 | TESCO | @Tesco | 2017-10-26 10:01:55] (in reply to 1917583):
@571105 Hi Tracy, sorry to hear that your unhappy. Can you please send me a DM with what's happened so I can look into this further. - David",product_quality_and_safety,escalate,requires_pii_or_dm,Product: duck legs (already returned),
18,1945598,2,859.0,Clean,"[Turn 0 | CUSTOMER | @364411 | 2017-10-29 19:00:02] (root):
Hey @Tesco, I've just checked out receipt from yesterday's shop and we didn't get our petrol voucher. https://t.co/cef6u2GFdT

[Turn 1 | TESCO | @Tesco | 2017-10-30 09:19:02] (in reply to 1945598):
@364411 I'm sorry it appears to be missing Alexa, can you DM me your full name, address &amp; email address so I can look into it for you? Thanks - Mike",pricing_promotions_and_vouchers,escalate,requires_pii_or_dm,Missing petrol voucher,
19,1971928,2,564.4,Clean,"[Turn 0 | CUSTOMER | @584095 | 2017-11-26 00:51:40] (root):
@Tesco just been assaulted by 5 of your staff out on their Xmas do.... police called.... I shall be showing the cctv to the manager tomorrow #tesco #xmas

[Turn 1 | TESCO | @Tesco | 2017-11-26 10:16:03] (in reply to 1971928):
@584095 Hi Raj, I'm so very sorry to learn about this. Are you ok? As the police are involved my hands are tied with this. However we will support the police with the investigation with whatever information they need. Kind Regards - Stacey.",store_experience_and_staff,escalate,formal_complaint,,Police involved; agent deferred pending police investigation
20,1983226,2,82.0,Clean,"[Turn 0 | CUSTOMER | @511763 | 2017-11-01 20:39:10] (root):
@Tesco I was charged £2.00 each for three pumpkins (£6) on Monday (30 oct.) thought they had been reduced to £1.00 on Sunday? Please advise.

[Turn 1 | TESCO | @Tesco | 2017-11-01 22:01:08] (in reply to 1983226):
@511763 Hi Dolly, I'd like to look in to this for you. Could you DM me your name, address/email address as well as a picture of your receipt? -Peter",pricing_promotions_and_vouchers,escalate,refund_or_compensation,"Product: pumpkins, overcharged £2 vs advertised £1",
21,2169510,2,120.9,Clean,"[Turn 0 | CUSTOMER | @636421 | 2017-11-09 01:21:21] (root):
@636422 @Tesco could you make a Tiesto-Tesco Pesto sauce? I'll be happy with a 5% cut

[Turn 1 | TESCO | @Tesco | 2017-11-09 03:22:14] (in reply to 2169510):
@636421 I will be happy to register your comments for you Simon, can you DM your full name and address? TY - Jayne https://t.co/py5Z991Bme",general_feedback_and_chitchat,escalate,requires_pii_or_dm,,Joke/suggestion tweet but agent requested DM PII to log comment
22,2564508,2,52.6,Clean,"[Turn 0 | CUSTOMER | @727650 | 2017-11-16 17:39:27] (root):
Just seen this in @Tesco peterborough 🤢 https://t.co/4Y6dqq2IuD

[Turn 1 | TESCO | @Tesco | 2017-11-16 18:32:01] (in reply to 2564508):
@727650 Hi Ben, I'm really sorry you found this in store. Can I please ask if you brought this to my colleagues attention in store? Was this a Superstore or Extra? Look forward to your reply. Thanks - Mark",product_quality_and_safety,escalate,requires_pii_or_dm,Store: Peterborough,
23,2621657,2,2744.8,Clean,"[Turn 0 | CUSTOMER | @740737 | 2017-11-15 18:13:55] (root):
@Tesco can it be true when I hear that you are paying your xmas temp staff by way of Tuxedo cards, rather than into their bank accts?

[Turn 1 | TESCO | @Tesco | 2017-11-17 15:58:46] (in reply to 2621657):
@740737 Hi KLJ, this is not true. We pay colleagues’ wages directly into their bank accounts. We would only consider paying colleagues via a Tuxedo card in exceptional circumstances. TY - Michelle",general_feedback_and_chitchat,do_not_escalate,none,,Rumor about staff pay method; answered publicly with policy clarification
24,2628224,2,26.2,Clean,"[Turn 0 | CUSTOMER | @742300 | 2017-11-17 16:24:33] (root):
Love the little festive stalls giving out samples @Tesco Toblerone cheesecake is amazing 😍 https://t.co/hbDxFQixAA

[Turn 1 | TESCO | @Tesco | 2017-11-17 16:50:46] (in reply to 2628224):
@742300 I am glad you like them Nic :) - Jay",store_experience_and_staff,do_not_escalate,none,,
25,2675766,2,34.1,Clean,"[Turn 0 | CUSTOMER | @753159 | 2017-10-31 12:49:52] (root):
@tesco hi

[Turn 1 | TESCO | @Tesco | 2017-10-31 13:23:59] (in reply to 2675766):
@753159 Hi Fahima, how can I help today? - David",general_feedback_and_chitchat,do_not_escalate,none,,
26,2677942,2,36.4,Clean,"[Turn 0 | CUSTOMER | @393102 | 2017-10-31 13:55:35] (root):
P2/3 have enjoyed their trip to @234241 @Tesco for the Farm to Fork Autumn Trail https://t.co/RxRUUZi1Na

[Turn 1 | TESCO | @Tesco | 2017-10-31 14:32:00] (in reply to 2677942):
@393102 Everyone looks like they had a fab time! Thanks for sharing 😊",general_feedback_and_chitchat,do_not_escalate,none,,
27,2829066,2,830.8,Clean; Cross-Brand (@morrisons),"[Turn 0 | CUSTOMER | @787852 | 2017-11-26 22:08:18] (root):
Second time using @Tesco and second time items are missing..this times I had SIX items missing and when I phoned not even an apology just an “ok we will refund those items”!! Will be sticking with @Morrisons. NEVER had a problem with them!

[Turn 1 | TESCO | @Tesco | 2017-11-27 11:59:05] (in reply to 2829066):
@787852 I'm sorry that you have received such poor service. Can you please DM me your full name, address and email address so I can look into this for you. Thanks - Mike",delivery_and_orders,escalate,requires_pii_or_dm,6 items missing from delivery order,
28,2857409,2,180.0,Clean,"[Turn 0 | CUSTOMER | @794151 | 2017-11-27 18:48:54] (root):
@Tesco I did a quick lunchtime shop today and got these for my daughters Nursery snack. Have to say I’m annoyed that the use by date is tomorrow and full price was paid. I accept that I’m partly to blame by not checking the date. But shouldn’t things close to the date be marked? https://t.co/rQif7ANppK

[Turn 1 | TESCO | @Tesco | 2017-11-27 21:48:54] (in reply to 2857409):
@794151 Hi Lezli-Anne, our stores sell products up to and including their use by date to reduce food waste. We mainly display the use by date so that our customers can make an informed decision about the products they buy. Ty - Reece",product_quality_and_safety,do_not_escalate,none,Use-by date labelling policy question,
29,2905892,2,8.6,Clean,"[Turn 0 | CUSTOMER | @530068 | 2017-11-28 19:35:32] (root):
@Tesco #SantaPaws delivered some nice dog food, and a funky little hat! My dog Patch loves the hat, after numerous attempts to get a picture! 😂 https://t.co/Zl3mhMAzCw

[Turn 1 | TESCO | @Tesco | 2017-11-28 19:44:07] (in reply to 2905892):
@530068 Aww Patch is adorable! Glad he likes the treats 😊",general_feedback_and_chitchat,do_not_escalate,none,,
30,2931102,2,365.9,Clean,"[Turn 0 | CUSTOMER | @810770 | 2017-11-29 01:38:24] (root):
Is this normal for your Payment devices @Tesco ? Possibly not!! #hack #malware https://t.co/SZgxKyeA87

[Turn 1 | TESCO | @Tesco | 2017-11-29 07:44:20] (in reply to 2931102):
@810770 Hi Ant, that doesn't look right at all! Please let a colleague know and they'll be able to assist you further. TY - Olivia",store_experience_and_staff,do_not_escalate,none,In-store payment device appearance concern,
31,488826,2,179.6,Clean,"[Turn 0 | CUSTOMER | @231410 | 2017-12-01 13:28:12] (root):
Poor showing from @Tesco waiting a week to have something delivered to store and still no notification to when it will be delivered

[Turn 1 | TESCO | @Tesco | 2017-12-01 16:27:49] (in reply to 488826):
@231410 Hi Dan, I do apologise that it's been a week and your order has still not been delivered to the store. Can you please DM us with your full name, address and also order number? We'll look into this for you. TY - Sheryll",delivery_and_orders,escalate,requires_pii_or_dm,Click & Collect order delay,
32,509652,2,322.7,Clean; Cross-Brand (@sainsburys),"[Turn 0 | CUSTOMER | @237089 | 2017-12-01 17:08:51] (root):
So @Tesco. Book delivery saver to get access to Christmas slots. Go online to book latest slot - 20th Dec! Go to @sainsburys book 22nd Dec without anything!

[Turn 1 | TESCO | @Tesco | 2017-12-01 22:31:31] (in reply to 509652):
@237089 @sainsburys Hi Debbie, it sounds like your plan isn't active. Please can you DM the name and address on your account so I can check? Charlotte https://t.co/py5Z991Bme",delivery_and_orders,escalate,requires_pii_or_dm,Delivery Saver Christmas slot availability,
33,531771,2,962.8,Clean,"[Turn 0 | CUSTOMER | @243194 | 2017-12-01 18:43:54] (root):
@Tesco I’ve gone through 3 cans of your de icer in the last month - surely I should get a sponsorship for this loyalty 👸🏼

[Turn 1 | TESCO | @Tesco | 2017-12-02 10:46:43] (in reply to 531771):
@243194 Icey what you did there 😉 Not to sound cold hearted, but you need to snow your enemy... blame November ❄",general_feedback_and_chitchat,do_not_escalate,none,,
34,538179,2,146.2,Clean,"[Turn 0 | CUSTOMER | @244772 | 2017-12-02 11:35:31] (root):
Couldn’t walk past @134409 collections @Tesco this morning and not donate. No one should go hungry in this country #charity #christmas #foodbank #foodpoverty

[Turn 1 | TESCO | @Tesco | 2017-12-02 14:01:43] (in reply to 538179):
@244772 Hi there, I'm happy you have donated to one of our charities I totally agree with you that no one should go hungry. TY - Rian",general_feedback_and_chitchat,do_not_escalate,none,,
35,541710,2,66.7,Clean,"[Turn 0 | CUSTOMER | @245704 | 2017-12-02 14:29:27] (root):
@Tesco are you not Tesco Boost this year on toys &amp; games etc?

[Turn 1 | TESCO | @Tesco | 2017-12-02 15:36:07] (in reply to 541710):
@245704 Hi Donna, we stopped doing the Boost at Tesco. Now we have what's called Clubcard Boost, where you can get up to 4X the value of your vouchers on days out, restaurants or even flights. Thanks - Josh",clubcard_and_loyalty,do_not_escalate,none,Clubcard Boost policy question,
36,558639,2,177.4,Clean,"[Turn 0 | CUSTOMER | @250531 | 2017-12-02 18:41:10] (root):
@Tesco Why are you sending foodbank donations from your Scottish stores to England? people donate stuff to help our LOCAL communities who are struggling not people in a different country.

[Turn 1 | TESCO | @Tesco | 2017-12-02 21:38:33] (in reply to 558639):
@250531 Hi there, thank you for getting in touch with us. Can you please DM us where you got this information so we can investigate this please? TY - Eve",general_feedback_and_chitchat,escalate,requires_pii_or_dm,,Foodbank donation allocation concern; DM requested to investigate
37,571393,2,455.2,Clean,"[Turn 0 | CUSTOMER | @254230 | 2017-12-02 20:39:53] (root):
Had to downsize our Christmas Tree this year due to our 7 month old and all his millions of toys! So impressed with this £25 6.5ft slim tree from @Tesco highly recommend! 🎄#ChristmasTree #ChristmasIsComing https://t.co/bgqvlD5efn

[Turn 1 | TESCO | @Tesco | 2017-12-03 04:15:07] (in reply to 571393):
@254230 Looks amazing Amber! I'm loving the candy cane ornaments! :) - Emma",general_feedback_and_chitchat,do_not_escalate,none,,
38,684953,2,35.6,Clean,"[Turn 0 | CUSTOMER | @152967 | 2017-11-23 12:17:34] (root):
Woeful lack of vegetarian options in the @Tesco Finest range. Any reason why?

[Turn 1 | TESCO | @Tesco | 2017-11-23 12:53:09] (in reply to 684953):
@152967 Hi There, Can you please DM me your postcode and I can have a look into this for you. Kind Regards - Stacey.",stock_and_availability,escalate,requires_pii_or_dm,Tesco Finest vegetarian range,
39,730114,2,1.1,Clean,"[Turn 0 | CUSTOMER | @294883 | 2017-10-11 09:31:11] (root):
Self check out in @Tesco Helensburgh is brutal

[Turn 1 | TESCO | @Tesco | 2017-10-11 09:32:15] (in reply to 730114):
@294883 Hi Declan, I'm so sorry to hear this. Please can you explain more via DM on what happened? - Rocsi https://t.co/py5Z991Bme",store_experience_and_staff,escalate,requires_pii_or_dm,"Store: Helensburgh, self-checkout",
40,768292,2,195.3,Clean,"[Turn 0 | CUSTOMER | @303493 | 2017-10-23 09:43:08] (root):
Calling @Tesco for IT help with registering for grocery was bonkers.  She said she didn't know what a tracker was...amongst other things.

[Turn 1 | TESCO | @Tesco | 2017-10-23 12:58:28] (in reply to 768292):
@303493 Hi, I am sorry our Technical support team could not help you. Can you DM me the address you were trying to register with? TY Andrew",website_and_app_technical,escalate,technical_support,Online grocery account registration issue,
41,936819,2,20.7,Clean,"[Turn 0 | CUSTOMER | @342083 | 2017-11-25 16:24:14] (root):
Hold tight @Tesco your Turkey &amp; Trimmings Christmas Sandwich is the business

[Turn 1 | TESCO | @Tesco | 2017-11-25 16:44:57] (in reply to 936819):
@342083 Thank you very much! We'd like to get this documented, could you please DM your full name &amp; address or email address so we can do this? :) TY - George",general_feedback_and_chitchat,escalate,requires_pii_or_dm,Compliment: Christmas sandwich,
42,955749,2,290.5,Clean,"[Turn 0 | CUSTOMER | @346765 | 2017-10-21 16:52:09] (root):
@Tesco Hi, was expecting order to arrive today, what time do they deliver till? It hasn't arrived yet :(

[Turn 1 | TESCO | @Tesco | 2017-10-21 21:42:39] (in reply to 955749):
@346765 Hi Anna, I've replied to you DM :) - Mart",delivery_and_orders,escalate,requires_pii_or_dm,,
43,970077,2,4.8,Clean,"[Turn 0 | CUSTOMER | @350210 | 2017-10-11 17:11:04] (root):
Mmmm Shepherds Pie, the perfect autumnal meal ♥️🍂

[Turn 1 | TESCO | @Tesco | 2017-10-11 17:15:53] (in reply to 970077):
@350210 #TrueThat 🙌 Have you tried it with sweet potato Lauren? #EveryLittleHelps

https://t.co/fbQu0JuSKV",general_feedback_and_chitchat,do_not_escalate,none,,
44,1017391,3,19.1,Clean; Branching,"[Turn 0 | CUSTOMER | @360720 | 2017-10-12 14:05:19] (root):
@Tesco been waiting a week for a sofa to be collected, called TD 5 times every time get told we will get this sorted. Still waiting..😕😕😕😕

[Turn 1 | TESCO | @Tesco | 2017-10-12 14:24:04] (in reply to 1017391):
@360720 Hi James, I'm really sorry that you've not had your sofa collected. So that I can look into this can you please DM me some details? 1/2

[Turn 2 | TESCO | @Tesco | 2017-10-12 14:24:23] (in reply to 1017391):
@360720 I would need your order number, full name and full address. Kind regards - Calum. 2/2 https://t.co/py5Z991Bme",delivery_and_orders,escalate,requires_pii_or_dm,Tesco Direct sofa collection delay,
45,1072611,3,55.5,Clean; Branching,"[Turn 0 | CUSTOMER | @373101 | 2017-10-13 12:41:01] (root):
Do you know what I really love? When @Tesco GF rolls are basically just air https://t.co/Hs4exp4reD

[Turn 1 | TESCO | @Tesco | 2017-10-13 13:36:10] (in reply to 1072611):
@373101 Always the best! Sorry, Daisy. DM your name, address, barcode, date code, SC code and the store you bought them in, when &amp; price. 1/2

[Turn 2 | TESCO | @Tesco | 2017-10-13 13:36:33] (in reply to 1072611):
@373101 I'll get this reported to our supplier. Is it OK if your details were forwarded with the report? Thanks - Leighton 2/2",product_quality_and_safety,escalate,requires_pii_or_dm,"Product: GF rolls, quantity/quality issue",
46,1389594,3,63.5,Clean; Branching,"[Turn 0 | CUSTOMER | @443254 | 2017-10-28 10:04:49] (root):
Yuck! I bought these yesterday..@Tesco already mouldy. https://t.co/87xXrRLV4w

[Turn 1 | TESCO | @Tesco | 2017-10-28 11:08:17] (in reply to 1389594):
@443254 Oh no, I'm sorry to see this, Charlotte! Please DM where they were purchased &amp; your name/address details 1/2

[Turn 2 | TESCO | @Tesco | 2017-10-28 11:08:19] (in reply to 1389594):
@443254 I'll pop a Tesco Moneycard in the post to reimburse you. Many thanks in advance - Laura :) 2/2 https://t.co/py5Z991Bme",product_quality_and_safety,escalate,refund_or_compensation,Mouldy food; Moneycard offered,
47,1477623,3,546.4,Clean; Outbound-Root,"[Turn 0 | TESCO | @Tesco | 2017-10-16 11:57:22] (root):
@394522 Please let me know if I can assist you with anything else. Many thanks, Sophie 3/3

[Turn 1 | CUSTOMER | @394522 | 2017-10-16 16:19:44] (in reply to 1477623):
@Tesco Horse and I are all good and thank you for looking into this and dealing with it.

[Turn 2 | TESCO | @Tesco | 2017-10-16 21:03:44] (in reply to 1477622):
@394522 I'm glad to hear it and no problem Catherine, I hope you enjoy your evening! - Craig",general_feedback_and_chitchat,do_not_escalate,none,,Follow-up thanks after a prior issue already resolved
48,1481086,3,200.4,Clean,"[Turn 0 | CUSTOMER | @463895 | 2017-10-16 18:14:59] (root):
@Tesco bought @125607 #S8 in July - dropped and #hairline #crack across screen now! So much for #gorillaglass 😭

[Turn 1 | TESCO | @Tesco | 2017-10-16 21:27:00] (in reply to 1481086):
@463895 Meemee, oh no!!  I just got an S8, fanciest phone I ever bought, constantly terrified! - Nick

[Turn 2 | CUSTOMER | @463895 | 2017-10-16 21:35:24] (in reply to 1481084):
@Tesco Better be #careful #gorillaglass is #weak",product_quality_and_safety,do_not_escalate,none,Product: mobile phone screen defect,
49,1497399,3,6.6,Clean,"[Turn 0 | CUSTOMER | @467670 | 2017-11-03 12:25:31] (root):
Day 3 on my vegan month! Just had a pot of vegetable cous cous &amp; a fruit salad, washed down with a bottle of coke. Wasn't bad. 🙂

[Turn 1 | CUSTOMER | @467670 | 2017-11-03 12:27:35] (in reply to 1497399):
""Picky Wops"" had a second attempt at making me a vegan pizza last night. Have to say, was definitely an improvement.

[Turn 2 | TESCO | @Tesco | 2017-11-03 12:32:09] (in reply to 1497398):
@467670 Sounds like you're doing well, but we have some extra help here...
#EveryLittleHelps 💚
https://t.co/EcV5KlcyD9",general_feedback_and_chitchat,do_not_escalate,none,,
50,1555650,3,149.3,Clean; Branching,"[Turn 0 | CUSTOMER | @481056 | 2017-11-04 09:45:11] (root):
@Tesco your Hemel store won't refund me for vitamins that were already open when I purchased them - can you please help?

[Turn 1 | TESCO | @Tesco | 2017-11-04 12:14:25] (in reply to 1555650):
@481056 Hi Alice, I'd like to resolve this for you. Can you DM me your name, address and email address . 1/2

[Turn 2 | TESCO | @Tesco | 2017-11-04 12:14:28] (in reply to 1555650):
@481056 If you could also tell me what store you visited and an account of what happened that would be very helpful. Thanks - Mark 2/2",store_experience_and_staff,escalate,refund_or_compensation,Store: Hemel; refund dispute for opened vitamins,
51,1718957,3,529026.2,Clean,"[Turn 0 | CUSTOMER | @520417 | 2016-10-24 08:57:49] (root):
Dear @Tesco, just a few hours have passed since I left London, but I already miss you + your £3 meal deal. Why aren't you coming to Berlin?

[Turn 1 | TESCO | @Tesco | 2016-10-24 09:05:06] (in reply to 1718957):
@520417 We miss you too Pat! Are you planning to come and visit again soon? - Lloyd

[Turn 2 | CUSTOMER | @520417 | 2017-10-26 18:04:01] (in reply to 1718955):
@Tesco Hi y'all, I'm back and so happy to spend all my money on your £3 meal deals &lt;3",general_feedback_and_chitchat,do_not_escalate,none,,
52,1864011,3,138.3,Clean,"[Turn 0 | CUSTOMER | @556926 | 2017-10-20 11:45:15] (root):
@Tesco Any reason I’m getting this screen when trying to use clubcard boost? Only when logged in and trying to get to Good Food show today! https://t.co/suYDML9xlY

[Turn 1 | CUSTOMER | @556926 | 2017-10-20 12:01:29] (in reply to 1864011):
@Tesco Tried multiple browsers and multiple devices, same error whenever I try to reach the voucher screen while logged in. Works fine when not.

[Turn 2 | TESCO | @Tesco | 2017-10-20 14:03:32] (in reply to 1864010):
@556926 Hi, not sure why, can you DM your full name, address, clubcard number and email address please and I'll have a look for you? TY- Donna",clubcard_and_loyalty,escalate,technical_support,Clubcard Boost voucher screen error,
53,1900329,3,2.9,Clean,"[Turn 0 | CUSTOMER | @566315 | 2017-10-18 12:58:07] (root):
Salmon is my new favourite food

[Turn 1 | TESCO | @Tesco | 2017-10-18 13:00:24] (in reply to 1900329):
@566315 Good choice! Here's a few easy recipes you might like, hope you enjoy! #EveryLittleHelps
https://t.co/YZ9ufcYKRN

[Turn 2 | CUSTOMER | @566315 | 2017-10-18 13:01:00] (in reply to 1900327):
@Tesco Fuck outta my replies bitch smh",general_feedback_and_chitchat,do_not_escalate,none,,Conversation ends with unrelated hostile remark
54,1950395,3,539.8,Clean; Branching,"[Turn 0 | CUSTOMER | @579306 | 2017-11-26 00:55:46] (root):
. @Tesco ? Can you confirm this is true? 

https://t.co/hk92pfHTm7

[Turn 1 | TESCO | @Tesco | 2017-11-26 09:55:08] (in reply to 1950395):
@579306 This is not true. Our policy is always to pay colleagues directly into their bank wherever possible. We only issue a Tuxedo card by exception and as a last resort in situations where colleagues are unable to share bank details with us. 1/2

[Turn 2 | TESCO | @Tesco | 2017-11-26 09:55:32] (in reply to 1950395):
@579306 Currently, of the 300,000 colleagues we employ in the UK, fewer than 200 are paid by Tuxedo Cards each month. Many thanks – Sarah 2/2",general_feedback_and_chitchat,do_not_escalate,none,,Rumor about temp staff pay method; answered publicly
55,1996630,3,160.2,Clean; Branching,"[Turn 0 | CUSTOMER | @590392 | 2017-11-26 07:55:34] (root):
@Tesco sold 5 days after best before date has expired? #fuming #buyerbeware #foodpoisoning #Tesco #offfood #tradingstandards #watchdog https://t.co/vg8uZm6n3y

[Turn 1 | TESCO | @Tesco | 2017-11-26 10:35:32] (in reply to 1996630):
@590392 Hi Elizabeth, we try to make sure our products are always in date. We check product dates on delivery, during the re-stocking of shelves and while they're on display, so I’m disappointed you have found an out of date product. 1/2

[Turn 2 | TESCO | @Tesco | 2017-11-26 10:35:44] (in reply to 1996630):
@590392 If you need a replacement joint please return to store with your receipt for this to happen. The issue will also be addressed with the colleagues responsible for checking the dates on the meat too. If you can't return please let us know 2/2",product_quality_and_safety,escalate,product_safety_investigation,"Meat joint sold 5 days past best before, #foodpoisoning",
56,2008437,3,127.9,Clean,"[Turn 0 | CUSTOMER | @593901 | 2017-11-04 15:49:31] (root):
@Tesco The baby changing was absolutely disgusting at Surrey Quays! No soap, hand dryer broke, no blue rollers, bins full of objects 😡

[Turn 1 | TESCO | @Tesco | 2017-11-04 16:58:24] (in reply to 2008437):
@593901 Hi, I'm very sorry to learn that the baby changing facility was not clean. I have spoken with the store and they will sort it. TY - Eve

[Turn 2 | CUSTOMER | @593901 | 2017-11-04 17:57:26] (in reply to 2008435):
@Tesco Thanks v much 👍👍",store_experience_and_staff,do_not_escalate,none,"Store: Surrey Quays, baby changing facility cleanliness",
57,2138013,3,50.9,Clean,"[Turn 0 | CUSTOMER | @628866 | 2017-11-08 21:36:14] (root):
@tesco please resist temptation to say you dont know about problem. Everyone else does

[Turn 1 | TESCO | @Tesco | 2017-11-08 21:37:45] (in reply to 2138013):
@628866 Hi Alex, we're working on getting a fix for this no later than March 2018. Kind regards - Rhys

[Turn 2 | CUSTOMER | @628866 | 2017-11-08 22:27:09] (in reply to 2138011):
@Tesco Whooah - thank you.",general_feedback_and_chitchat,do_not_escalate,none,,Vague reference to unspecified ongoing issue; resolved with timeline
58,2177051,3,175.3,Clean; Branching,"[Turn 0 | CUSTOMER | @638097 | 2017-11-09 12:14:53] (root):
@Tesco can u tell me if Tesco Alloa will be stocking these? https://t.co/RngmMqKNZP

[Turn 1 | TESCO | @Tesco | 2017-11-09 15:10:09] (in reply to 2177051):
@638097 Hi there, we were selling them in Alloa before and they are currently out of stock. We do expect them to return to our shelves. 1/2

[Turn 2 | TESCO | @Tesco | 2017-11-09 15:10:11] (in reply to 2177051):
@638097 I'm afraid we cannot give a definitive date on when they will be back in stock. Please keep an eye out in store. TY - Rhuari 2/2",stock_and_availability,do_not_escalate,none,Store: Alloa,
59,2437393,3,86.2,Clean; Branching,"[Turn 0 | CUSTOMER | @699202 | 2017-10-29 14:12:24] (root):
@Tesco #tiverton #Superbservice hr ago from young man on fruit dept. Got me fresh jaffas without me asking. Proactive &amp; great advert 4 Tesco

[Turn 1 | TESCO | @Tesco | 2017-10-29 15:38:35] (in reply to 2437393):
@699202 Hi Davina, I'm so glad to hear my colleague was so helpful! I'm sure he'd be delighted to hear he made such a difference. 1/2

[Turn 2 | TESCO | @Tesco | 2017-10-29 15:38:38] (in reply to 2437393):
@699202 Could you please DM his name/description so we can tell him what a great job he did? :) - Robyn 2/2",store_experience_and_staff,escalate,requires_pii_or_dm,Store: Tiverton; staff compliment,
60,2445577,3,380.0,Clean; Branching,"[Turn 0 | CUSTOMER | @701147 | 2017-11-14 18:47:12] (root):
@Tesco customer service is appalling. Sent a completely different item to what I ordered. 10 days and 4 phone calls later still no refund

[Turn 1 | TESCO | @Tesco | 2017-11-15 01:07:02] (in reply to 2445577):
@701147 Hi Katie, thanks for contacting us today. I am sorry to hear that you have not received the correct items on your order. 1/2

[Turn 2 | TESCO | @Tesco | 2017-11-15 01:07:12] (in reply to 2445577):
@701147 Please can you DM your full name, address and order number? I can then look into this for you. - Ceri 2/2",delivery_and_orders,escalate,requires_pii_or_dm,Wrong item sent; refund pending 10 days,
61,2479302,3,63.8,Clean; Branching,"[Turn 0 | CUSTOMER | @133008 | 2017-11-15 14:08:39] (root):
@Tesco you might want to check your 6/12/2018 chicken cat sticks. Just opened two for my cat and they were both mouldy. 5/3/19 pack is fine.

[Turn 1 | TESCO | @Tesco | 2017-11-15 15:12:20] (in reply to 2479302):
@133008 Hi Rachel, thank you for letting us know. I would like to log your feedback on our systems for review and issue a refund. Could you please DM us time and store of visit and product barcode? 1/2

[Turn 2 | TESCO | @Tesco | 2017-11-15 15:12:25] (in reply to 2479302):
@133008 Would you like the Moneycard via post or e-mail? TY - Eve 2/2",product_quality_and_safety,escalate,refund_or_compensation,Cat treats mouldy; Moneycard offered,
62,2654034,3,273.7,Clean; Branching,"[Turn 0 | CUSTOMER | @748387 | 2017-11-18 23:49:40] (root):
Got these from @Tesco and their out of date not happy with #tesco #disappointed https://t.co/Vaapd5zoBP

[Turn 1 | TESCO | @Tesco | 2017-11-19 04:23:17] (in reply to 2654034):
@748387 I'm sorry you were able to purchase a product that was out of date Tauseef. I can understand your concerns. I'd like to issue a refund &amp; pass your comments to our Management Team so this can be addressed. Please DM some information? 1/2 https://t.co/py5Z991Bme

[Turn 2 | TESCO | @Tesco | 2017-11-19 04:23:24] (in reply to 2654034):
@748387 Your full name, address, email address, barcode, price paid, date code and clear copy of your receipt? Also the supplier code(SC), would it be ok to pass your details to our supplier? Would you prefer your refund via the post or email? 2/2",product_quality_and_safety,escalate,refund_or_compensation,Out of date product; refund offered,
63,2654071,3,277.9,Clean; Branching,"[Turn 0 | CUSTOMER | @748397 | 2017-11-18 22:53:26] (root):
@Tesco Hi there...just wanted to say it's really disappointing that every single Christmas dessert in the Festive food magazine has a peanut &amp; nuts disclaimer contained. It makes it difficult to Xmas food shop when a family member has a nut allergy !

[Turn 1 | TESCO | @Tesco | 2017-11-19 03:31:15] (in reply to 2654071):
@748397 Hi Lee-Ann, I'm really sorry for the disappointment caused. We advise this as the products may be manufactured in an environment where nut based products are also made. 1/2

[Turn 2 | TESCO | @Tesco | 2017-11-19 03:31:20] (in reply to 2654071):
@748397 Are there any particular desserts you were looking to try? I'd be happy to look for alternatives outside of our Festive Food range! - Emma 2/2",product_quality_and_safety,do_not_escalate,none,Nut allergy disclaimer on Christmas desserts,
64,2699438,3,817.3,Clean; Multi-Customer,"[Turn 0 | CUSTOMER | @510727 | 2017-11-26 10:00:28] (root):
@Tesco well that’s rubbish. Just signed up for delivery saver but can’t book a Christmas slot as I had to have signed up by 23rd November 😡

[Turn 1 | TESCO | @Tesco | 2017-11-26 22:34:35] (in reply to 2699438):
@510727 Hi there, thank you for getting in touch, I'm really sorry for any disappointment caused however, you would have needed to have signed up to a paid Delivery Saver plan by the 23rd November to have access to priority slots. TY- Hannah.

[Turn 2 | CUSTOMER | @135301 | 2017-11-26 23:37:44] (in reply to 2699436):
@Tesco @510727 There's no con like a Tescon con",delivery_and_orders,do_not_escalate,none,Delivery Saver Christmas slot signup deadline,
65,2712827,3,348.4,Clean; Branching,"[Turn 0 | CUSTOMER | @761610 | 2017-11-19 21:23:42] (root):
@Tesco @123088 Why is there a bug in my blueberries? https://t.co/xps8Um6EVr

[Turn 1 | TESCO | @Tesco | 2017-11-20 03:11:13] (in reply to 2712827):
@761610 Hi Shelley, oh dear! I can understand how unpleasant this must have been. I'd like to document your feedback and refund you, to do this can you DM your full name, full address and email address? 1/2

[Turn 2 | TESCO | @Tesco | 2017-11-20 03:12:03] (in reply to 2712827):
@761610 Can you include the barcode, date code, supplier code, price paid, store purchased from and if you're happy for me to pass your details on to our supplier? Ty - James 2/2 https://t.co/py5Z991Bme",product_quality_and_safety,escalate,product_safety_investigation,Live insect in blueberries,
66,2939814,3,305.8,Clean; Multi-Customer,"[Turn 0 | CUSTOMER | @812519 | 2017-11-29 08:50:30] (root):
. @Tesco 's inability to manage demand for cinammon swirls at its City Road Express branch is very irksome.

[Turn 1 | TESCO | @Tesco | 2017-11-29 13:01:01] (in reply to 2939814):
@812519 Hi there, can you please provide me with some more details by DM? Your full name and title? Address including the postcode? Also can you advise which store you are having trouble getting the Cinnamon swirls at? Thanks - Maggie

[Turn 2 | CUSTOMER | @812520 | 2017-11-29 13:56:18] (in reply to 2939812):
@Tesco @812519  https://t.co/GfwcIu51gb",stock_and_availability,escalate,requires_pii_or_dm,Store: City Road Express; cinnamon swirls,
67,2982101,3,346.7,Clean,"[Turn 0 | CUSTOMER | @639191 | 2017-11-29 23:26:10] (root):
why does greenock @Tesco fuel station close randomly with no apparent reason, fuel ‘24 hours’ when the port one never closes? Absolute get it sorted, I’ve came out specifically for fuel and it’s shut ?

[Turn 1 | CUSTOMER | @639191 | 2017-11-29 23:31:01] (in reply to 2982101):
@Tesco eh, hi I can see your staff just standing there what is the point in this ??? @Tesco https://t.co/uJD83MWyN1

[Turn 2 | TESCO | @Tesco | 2017-11-30 05:12:51] (in reply to 2982100):
@639191 Hi there, I'm sorry that my colleagues closed early. Could you please tell me when you filmed this as I'd like to discuss this with my colleagues on the Management Team. TY - Paul",store_experience_and_staff,do_not_escalate,none,Store: Greenock petrol station hours/staff issue,
68,398520,3,54.9,Clean,"[Turn 0 | CUSTOMER | @210240 | 2017-11-17 13:31:30] (root):
Been researching and creating Christmas menus today, I’ve got all the drinks sorted just thinking about food now.

[Turn 1 | CUSTOMER | @210240 | 2017-11-17 13:32:17] (in reply to 398520):
Doing a turkey, bacon, Brie &amp; cranberry toasted ciabatta but want something exciting for veggies. Did think just toasted Brie &amp; cranberry?

[Turn 2 | TESCO | @Tesco | 2017-11-17 14:26:21] (in reply to 398519):
@210240 Is this for a main meal? We have some ideas here
#EveryonesWelcome 💚
https://t.co/28KBOEFAmp",general_feedback_and_chitchat,do_not_escalate,none,,
69,659601,3,212.4,Clean; Branching,"[Turn 0 | CUSTOMER | @277070 | 2017-11-22 20:05:03] (root):
@Tesco I have just tried checking out using the app on my tablet and keep getting page not found error after putting payment details in. Is there an issue ?

[Turn 1 | TESCO | @Tesco | 2017-11-22 23:37:26] (in reply to 659601):
@277070 Hi Lisa, I'm sorry you're having difficulty checking out. I appreciate this must be frustrating and I'd like to resolve this for you 1/2

[Turn 2 | TESCO | @Tesco | 2017-11-22 23:37:29] (in reply to 659601):
@277070 Can you please try clearing the cache and cookies on your device to see if this helps? Kind regards - Aneurin 2/2",website_and_app_technical,do_not_escalate,none,App checkout page-not-found error,
70,684992,3,41.0,Clean,"[Turn 0 | CUSTOMER | @283491 | 2017-11-23 11:53:22] (root):
@Tesco Hi just ordering my turkey, have joined &amp; upgraded to delivery saver for Xmas slots but can't see any available yet? When will they be released please 😊

[Turn 1 | TESCO | @Tesco | 2017-11-23 12:34:00] (in reply to 684992):
@283491 Hello, let me have a look into this for you now. Can you please DM us your full name, email address and full home address details from your account and I will provide you with all the information required. Thanks - Ross.

[Turn 2 | CUSTOMER | @283491 | 2017-11-23 12:34:23] (in reply to 684990):
@Tesco Will do",delivery_and_orders,escalate,requires_pii_or_dm,Delivery Saver Christmas slot availability,
71,83751,3,187.1,Clean; Branching,"[Turn 0 | CUSTOMER | @134401 | 2017-11-30 10:36:52] (root):
@Tesco @123088 You can definitely train ur staff better 2 look after your trolley 🛒 when it's on the road. I mentioned to a staff on the way to the shop, on the way back still their while a staff having a fagg next to it.. And he walked away.#tescospitalhill #cleansheffield https://t.co/nf0hwl0Pfc

[Turn 1 | TESCO | @Tesco | 2017-11-30 13:43:55] (in reply to 83751):
@134401 Hi Blessan, thank you for bringing this to our attention. I have tried contacting the store regarding your concerns but I'm having trouble reaching anyone. I have sent the Store Manager an email to have this investigated. 1/2

[Turn 2 | TESCO | @Tesco | 2017-11-30 13:43:58] (in reply to 83751):
@134401 I will keep in touch in the meantime and keep trying our store. I hope this helps and thank you for your patience. Kind Regards - Brooke 2/2",store_experience_and_staff,escalate,formal_complaint,Store: Sheffield; staff conduct with trolley left unattended,
72,901766,3,739.1,Clean; Branching,"[Turn 0 | CUSTOMER | @334074 | 2017-10-20 12:10:22] (root):
Help @Tesco!Have ordered a toy and stupidly didn't check delivery address. Just been told it's been despatched, can I change address?!

[Turn 1 | TESCO | @Tesco | 2017-10-21 00:28:48] (in reply to 901766):
@334074 Hi Kirtsy, thanks for taking the time to get in touch. Sadly my Tesco Direct colleagues have finished for the evening. 1/2

[Turn 2 | TESCO | @Tesco | 2017-10-21 00:29:31] (in reply to 901766):
@334074 One of my colleagues will be in touch later today to help resolve this for you. TY - Paul. 2/2",delivery_and_orders,do_not_escalate,none,"Toy order wrong delivery address, Tesco Direct",
73,946962,3,270.3,Clean; Branching,"[Turn 0 | CUSTOMER | @344558 | 2017-10-13 20:20:16] (root):
@Tesco 286260059. Delivery tonight while on holiday. Fantastic customer service by driver Lewis. Can you pass this to his manager? Thanks.

[Turn 1 | TESCO | @Tesco | 2017-10-14 00:49:55] (in reply to 946962):
@344558 Hi Josh, thank you for getting in touch and for your kind comments regarding my colleague. Can you please DM some info? 1/2

[Turn 2 | TESCO | @Tesco | 2017-10-14 00:50:33] (in reply to 946962):
@344558 I require your full name, address and email. I will pass your feedback on to the store. TY - Chris 2/2",delivery_and_orders,escalate,requires_pii_or_dm,Delivery driver compliment,
74,1037556,4,16.3,Clean; Branching,"[Turn 0 | CUSTOMER | @365449 | 2017-10-14 18:37:55] (root):
Sorry, Tesco! Unfortunately I don't have any frindds 😩Thanks for reminding me 🙃@Tesco https://t.co/6Q3ggLvWpK

[Turn 1 | TESCO | @Tesco | 2017-10-14 18:53:42] (in reply to 1037556):
@365449 Hi Tasha, I'm sorry about the error there, I'd like to report this to be changed. Can you please send a photo of the packaging info? 1/3

[Turn 2 | TESCO | @Tesco | 2017-10-14 18:53:52] (in reply to 1037556):
@365449 Also can you please DM your name, address, cost and store it was from? 2/3

[Turn 3 | TESCO | @Tesco | 2017-10-14 18:54:15] (in reply to 1037556):
@365449 Would it be OK to share these details with the supplier? Thanks -  Marian 3/3",product_quality_and_safety,escalate,requires_pii_or_dm,Product packaging description error,
75,1128911,4,192.6,Clean; Branching,"[Turn 0 | CUSTOMER | @386120 | 2017-10-14 12:32:32] (root):
Hi @Tesco do you use your leftover lettuce to make your prepared salads? 🤢 https://t.co/wyRQV7DSQl

[Turn 1 | TESCO | @Tesco | 2017-10-14 15:45:05] (in reply to 1128911):
@386120 Hi, Jess I’m sorry to learn that the salad you've purchased isn’t up to the standards we expect. I would like to look into this for you.1/3

[Turn 2 | TESCO | @Tesco | 2017-10-14 15:45:07] (in reply to 1128911):
@386120 Can you DM me a few details. Can you confirm your name, full address, barcode, expiry date area and photo of the receipt? 2/3

[Turn 3 | TESCO | @Tesco | 2017-10-14 15:45:09] (in reply to 1128911):
@386120 Can I confirm that you are happy for me to pass on your details to our supplier? Thanks – Lee 3/3",product_quality_and_safety,escalate,requires_pii_or_dm,Prepared salad quality concern,
76,1164812,4,169.3,Clean; Branching,"[Turn 0 | CUSTOMER | @141556 | 2017-10-24 18:13:26] (root):
can you please help trace the missing items from a order i have attempted to collect from store twice now! @Tesco

[Turn 1 | TESCO | @Tesco | 2017-10-24 21:02:24] (in reply to 1164812):
@141556 Hi Amy, thanks for getting in touch. I'm sorry that your order is missing some bits and pieces. 1/3

[Turn 2 | TESCO | @Tesco | 2017-10-24 21:02:32] (in reply to 1164812):
@141556 So that I can investigate for you, please can you DM your full name, address, postcode, email address and order number for me? 2/3

[Turn 3 | TESCO | @Tesco | 2017-10-24 21:02:46] (in reply to 1164812):
@141556 I can then check the details and see what we can do to help. I look forward to hearing from you. #Regards - Phil. 3/3",delivery_and_orders,escalate,requires_pii_or_dm,Missing items from Click & Collect order,
77,1280749,4,129.4,Clean; Branching,"[Turn 0 | CUSTOMER | @419664 | 2017-10-16 06:31:02] (root):
@Tesco bought a bottle of milk last night at Hipperholme store.....its expiry date was 12th Oct. What the hell are they playing at up there?

[Turn 1 | TESCO | @Tesco | 2017-10-16 08:40:15] (in reply to 1280749):
@419664 Hi Kieron, I am very sorry that you have been able to purchase out of date milk. 1/3

[Turn 2 | TESCO | @Tesco | 2017-10-16 08:40:24] (in reply to 1280749):
@419664 I have fed this back to our Store Management Team who will address this with our colleagues and make sure there are no more there 2/3

[Turn 3 | TESCO | @Tesco | 2017-10-16 08:40:29] (in reply to 1280749):
@419664 I'd like to record your feedback, please could you DM us with your name, email address and address? - Allyn 3/3",product_quality_and_safety,escalate,requires_pii_or_dm,Store: Hipperholme; out of date milk,
78,1315481,4,66972.0,Clean; Multi-Customer,"[Turn 0 | CUSTOMER | @277069 | 2017-09-10 18:52:27] (root):
CBA with @Tesco selling me out of date sweets https://t.co/K3BsSYdtgV

[Turn 1 | TESCO | @Tesco | 2017-09-10 19:10:35] (in reply to 1315481):
@277069 I'm sorry the Munchies are out of date, Alex. Which store did you get them from? I'll let them know so we get them removed. 1/2

[Turn 2 | CUSTOMER | @277069 | 2017-09-10 19:16:37] (in reply to 1315479):
@Tesco Hiiii, it's on queens drive in liverpool. It's an esso petrol station one. Thanks for the offer of a refund but it was only a quid x

[Turn 3 | CUSTOMER | @427317 | 2017-10-27 07:04:25] (in reply to 1315480):
@277069 @Tesco Could I take the refund on your behalf?",product_quality_and_safety,escalate,refund_or_compensation,"Out of date sweets, petrol station store",Second customer asked to claim the refund on original poster's behalf
79,1331365,4,27.9,Clean; Branching,"[Turn 0 | CUSTOMER | @430594 | 2017-10-27 12:21:38] (root):
@Tesco member of staff in Brooklands scan as you shop could do with some customer service training #trycrackingasmile #talktothecustomer

[Turn 1 | TESCO | @Tesco | 2017-10-27 12:49:18] (in reply to 1331365):
@430594 Hi Emma, thanks for getting in touch with us. This is certainly very disappointing to hear, and I would like to ensure this is fed back. 1/3

[Turn 2 | TESCO | @Tesco | 2017-10-27 12:49:29] (in reply to 1331365):
@430594 If you could provide me with a name/description of my colleague, and also DM your name, address and email? 2/3 https://t.co/py5Z991Bme

[Turn 3 | TESCO | @Tesco | 2017-10-27 12:49:34] (in reply to 1331365):
@430594 I'll then also make sure I have a documentation for this on our system. Regards - Isaac 3/3",store_experience_and_staff,escalate,formal_complaint,Store: Brooklands; scan-as-you-shop staff conduct,
80,1461716,4,12.1,Clean; Branching,"[Turn 0 | CUSTOMER | @459251 | 2017-11-02 18:09:09] (root):
'finest' jacket potatoes @Tesco? Who am I feeding, the borrowers?! I've had bigger jersey royals, you swines. https://t.co/awa9FLgUHk

[Turn 1 | TESCO | @Tesco | 2017-11-02 18:21:12] (in reply to 1461716):
@459251 Hi Simon, I'm so sorry about this. In order for me to deal with this issue properly I'll need you to DM me the following: 1/3

[Turn 2 | TESCO | @Tesco | 2017-11-02 18:21:14] (in reply to 1461716):
@459251 Your full name &amp; email, the store you visited &amp; the price paid, a photo of the item that contains the barcode and the SC code (SC12345) 2/3

[Turn 3 | TESCO | @Tesco | 2017-11-02 18:21:16] (in reply to 1461716):
@459251 Also, Can you confirm that you're happy for me to pass your details on to our supplier? Thanks - Kirsten 3/3",product_quality_and_safety,escalate,requires_pii_or_dm,"Finest jacket potatoes, small size",
81,1623481,4,409.1,Clean,"[Turn 0 | CUSTOMER | @497305 | 2017-11-05 12:16:06] (root):
@Tesco hi Tesco ordered a birthday present that was meant to be in at 3pm yest!  Still no delivery! What's going on?

[Turn 1 | TESCO | @Tesco | 2017-11-05 17:42:00] (in reply to 1623481):
@497305 Can you please DM us the name and address on your account along with your order number so we can look into this. TY- Dave 2/2

[Turn 2 | CUSTOMER | @497305 | 2017-11-05 18:10:21] (in reply to 1623479):
@Tesco We went in and we're informed you took the money but didn't send it!  Was advised in correctly in store yesterday! Basically it was a mess!

[Turn 3 | TESCO | @Tesco | 2017-11-05 19:05:10] (in reply to 1623480):
@497305 Hi Clare, I am sorry for this. Can you DM us the name and address on your account with the order number so we can look into this? TY- Dave",delivery_and_orders,escalate,requires_pii_or_dm,Birthday present delivery not received; payment taken,
82,1629088,4,62.7,Clean; Branching,"[Turn 0 | CUSTOMER | @498683 | 2017-11-05 14:49:08] (root):
@Tesco I purchased call of duty ww2 from your store on Friday - on case advertised with bonus map but arrived home and no extra map??

[Turn 1 | TESCO | @Tesco | 2017-11-05 15:51:44] (in reply to 1629088):
@498683 Hi there, we aren't offering any additional content or free DLC for the game but a season pass is available to buy in-game, 1/3

[Turn 2 | TESCO | @Tesco | 2017-11-05 15:51:47] (in reply to 1629088):
@498683 The banner on the game is a message from Activision to let customers know there is extra downloadable content available. 2/3

[Turn 3 | TESCO | @Tesco | 2017-11-05 15:51:50] (in reply to 1629088):
@498683 Sorry for any inconvenience caused. I was also confused at this myself when I had purchased the game. - Jay 3/3",product_quality_and_safety,do_not_escalate,none,Call of Duty WW2 bonus map advertising confusion,
83,1705548,4,624.2,Clean; Branching,"[Turn 0 | CUSTOMER | @368717 | 2017-11-06 20:07:28] (root):
When you’re super excited about having @Tesco new #FreeFrom Mac N Cheese for dinner... then it tastes like feet 😔

[Turn 1 | TESCO | @Tesco | 2017-11-06 22:33:16] (in reply to 1705548):
@368717 Could you DM your name, address and a picture of the barcode on the product packaging please? Thanks - Peter 2/2

[Turn 2 | TESCO | @Tesco | 2017-11-06 22:33:16] (in reply to 1705548):
@368717 Hi there, that doesn't sound so good, that's the last thing you want your dinner to taste like! I would like to log this feedback 1/2

[Turn 3 | CUSTOMER | @368717 | 2017-11-07 06:31:38] (in reply to 1705546):
@Tesco Thanks for getting back to me. Will DM you now #GreatCustomerService",product_quality_and_safety,escalate,requires_pii_or_dm,FreeFrom Mac N Cheese taste complaint,
84,1732042,4,61.3,Clean; Branching,"[Turn 0 | CUSTOMER | @523251 | 2017-10-17 18:20:11] (root):
And it gets worse! When I took the lid off my @Tesco humous had another sheet of plastic in it 😷

[Turn 1 | TESCO | @Tesco | 2017-10-17 19:21:01] (in reply to 1732042):
@523251 I'm sorry there was another sheet of plastic in your hummus India, I know this must have been annoying for you. 1/3

[Turn 2 | TESCO | @Tesco | 2017-10-17 19:21:28] (in reply to 1732042):
@523251 Can you please DM a photo of the front / back of the packaging along with store, your name, address &amp; price? 2/3

[Turn 3 | TESCO | @Tesco | 2017-10-17 19:21:31] (in reply to 1732042):
@523251 Would it be OK to share these details with the supplier? Thanks - Marian 3/3",product_quality_and_safety,escalate,product_safety_investigation,Plastic sheet found in hummus,
85,1789897,4,1791.8,Clean; Multi-Customer,"[Turn 0 | CUSTOMER | @385038 | 2017-10-12 19:00:09] (root):
@Tesco I need an email address for customer service please.

[Turn 1 | TESCO | @Tesco | 2017-10-12 19:46:41] (in reply to 1789897):
@385038 Hi Josh, you can email us at __email__ or alternatively you can DM us with your issue if you prefer :). Best wishes. Mike https://t.co/py5Z991Bme

[Turn 2 | CUSTOMER | @385038 | 2017-10-12 19:47:04] (in reply to 1789895):
@Tesco I have sent you a DM

[Turn 3 | CUSTOMER | @537671 | 2017-10-14 00:52:00] (in reply to 1789896):
@385038 @Tesco Shit son",general_feedback_and_chitchat,escalate,requires_pii_or_dm,,Customer requested support email; resolved via DM
86,1899488,4,14.6,Clean; Branching,"[Turn 0 | CUSTOMER | @375403 | 2017-10-23 21:00:33] (root):
@Tesco  was in store today and asked a colleague if you had more of something in the back and he said i don't know he didn't even go to look

[Turn 1 | TESCO | @Tesco | 2017-10-23 21:13:45] (in reply to 1899488):
@375403 Hi there, I'm sorry my colleague was so unhelpful, can you DM me some details please? I'd like to log your complaint on our system. 1/3

[Turn 2 | TESCO | @Tesco | 2017-10-23 21:14:01] (in reply to 1899488):
@375403 I'll also pass this on to the store's Management Team so they can investigate. I'll need your name, address and email to begin with. 2/3

[Turn 3 | TESCO | @Tesco | 2017-10-23 21:15:08] (in reply to 1899488):
@375403 I also need the store you visited, the time this happened, where in store and a description or the name of the colleague. TY - Dafydd 3/3 https://t.co/py5Z99jcdM",store_experience_and_staff,escalate,formal_complaint,Unhelpful/unresponsive staff during in-store stock query,
87,1956157,4,126.5,Clean; Branching,"[Turn 0 | CUSTOMER | @580549 | 2017-10-30 15:06:48] (root):
@Tesco holmbush is a joke.. forced to buy 10p bags and rude staff thanks for nothing guys now I remember why I prefer @117246 and @117249

[Turn 1 | TESCO | @Tesco | 2017-10-30 17:13:16] (in reply to 1956157):
@580549 Hi there, we decided to stop the sale of the 5p bag back in August after a successful trial which resulted in fewer bags being sold. 1/3

[Turn 2 | TESCO | @Tesco | 2017-10-30 17:13:18] (in reply to 1956157):
@580549 Can you please DM me to elaborate on what exactly happened when the store colleague was rude? 2/3

[Turn 3 | TESCO | @Tesco | 2017-10-30 17:13:20] (in reply to 1956157):
@580549 Can you also let me know the name/description of the colleague and what store this occurred in? Ty - Darren 3/3",store_experience_and_staff,escalate,formal_complaint,Store: Holmbush; rude staff,Also references 5p bag policy
88,1961188,4,139.8,Clean; Branching,"[Turn 0 | CUSTOMER | @581636 | 2017-10-30 20:32:37] (root):
@Tesco I’d hate to see what they’d be like when actually at their best before! https://t.co/zI06cFK46h

[Turn 1 | TESCO | @Tesco | 2017-10-30 22:52:21] (in reply to 1961188):
@581636 Hi Lucy, I'm sorry your baguettes went mouldy before their best before date. I'd like to log this and issue out a refund for you. 1/3

[Turn 2 | TESCO | @Tesco | 2017-10-30 22:52:23] (in reply to 1961188):
@581636 To do this can you DM me your full name, address, email, barcode, store of purchase and the price paid. 2/3

[Turn 3 | TESCO | @Tesco | 2017-10-30 22:52:25] (in reply to 1961188):
@581636 Can you confirm whether you'd prefer me to send your refund via post (Max of 10 working days) or email (Max 30 minutes)? TY - Reece 3/3",product_quality_and_safety,escalate,refund_or_compensation,Mouldy baguettes before best before date,
89,1971698,4,2344.2,Clean,"[Turn 0 | CUSTOMER | @584030 | 2017-10-30 14:44:23] (root):
@Tesco 2/2 does this when i am signed in (which i obviously need to be to put stuff in my basket).

[Turn 1 | TESCO | @Tesco | 2017-10-31 03:00:33] (in reply to 1971698):
@584030 Hi Ali, what items are you looking for? If you can let me know via DM and also your postcode, I can check. :) - Danny

[Turn 2 | CUSTOMER | @584030 | 2017-11-01 00:46:19] (in reply to 1971697):
@Tesco It was literally every product I tried. Seemed to stop doing it once I had booked a slot though!

[Turn 3 | TESCO | @Tesco | 2017-11-01 05:48:37] (in reply to 1971696):
@584030 Hi Ali, thank you for getting back to us, I am glad you were able to place an order. Please let us know if we can help with anything else.",website_and_app_technical,do_not_escalate,none,Basket/checkout glitch while signed in,
90,2031704,4,404.0,Clean,"[Turn 0 | CUSTOMER | @593452 | 2017-11-07 13:11:49] (root):
@Tesco is there any way I can change my deliver time? I've an emergency and won't be home now

[Turn 1 | TESCO | @Tesco | 2017-11-07 14:04:39] (in reply to 2031704):
@593452 Hi Maria, thanks for getting back to us. I do apologise you will need to contact Happy Beds directly regarding this issue. TY - Sheryll

[Turn 2 | CUSTOMER | @593452 | 2017-11-07 17:51:18] (in reply to 2031702):
@Tesco Sorry should have said my food shop. Managed to get home in time for it

[Turn 3 | TESCO | @Tesco | 2017-11-07 19:55:49] (in reply to 2031703):
@593452 Hi Maria, good to hear! Let us know if you have any  query regarding the Grocery order, we'll pass it onto a colleague. Thanks - David",delivery_and_orders,do_not_escalate,none,Delivery time change request due to emergency,
91,2094397,4,25.6,Clean; Branching,"[Turn 0 | CUSTOMER | @618794 | 2017-11-08 09:55:02] (root):
Has Leigh @Tesco always exclusively stocked items that expire that day, or have I just caught them on a bad day? Asda it is, then. 🙄

[Turn 1 | TESCO | @Tesco | 2017-11-08 10:19:35] (in reply to 2094397):
@618794 I'm sorry you've found items with short dates in our Leigh Extra store. We try to make sure our products are always in date. 1/3

[Turn 2 | TESCO | @Tesco | 2017-11-08 10:19:48] (in reply to 2094397):
@618794 We check product dates on delivery, during the re-stocking of shelves and while they're on display. 2/3

[Turn 3 | TESCO | @Tesco | 2017-11-08 10:20:36] (in reply to 2094397):
@618794 There shouldn't be anything out of date but we can sell items up until they expire. Please return anything in date for a refund. - Leah 3/3",product_quality_and_safety,do_not_escalate,none,Store: Leigh Extra; short-dated stock policy,
92,2248567,4,46.3,Clean,"[Turn 0 | CUSTOMER | @655238 | 2017-11-25 14:30:44] (root):
@Tesco disgusted with the lack of religious Christmas cards on your shelves, after a good while looking I found 2 different designs and they were packs of 10 small cards. No individual religious ones whatsoever, luckily managed to pick up some beautiful ones in card factory!

[Turn 1 | TESCO | @Tesco | 2017-11-25 15:01:06] (in reply to 2248567):
@655238 Hi Lou, I'm really sorry to hear there were a lack of Christmas cards in store, can you please let me know which store this was so I can feed this back to them? Thanks - Mark

[Turn 2 | CUSTOMER | @655238 | 2017-11-25 15:04:57] (in reply to 2248566):
@Tesco It wasn’t a lack of Christmas cards it was a lack of religious Christmas cards!

[Turn 3 | TESCO | @Tesco | 2017-11-25 15:17:01] (in reply to 2248565):
@655238 Hi Lou, thank you for your reply. Can you let me know which store this was in and I will be able to get this fed back to them? Thank you - Gemma",store_experience_and_staff,do_not_escalate,none,Lack of religious Christmas cards in store,
93,2397389,4,208.8,Clean; Branching,"[Turn 0 | CUSTOMER | @689978 | 2017-11-14 09:35:55] (root):
@Tesco - Chicken from Thailand? Really? https://t.co/VTNvKGWKX4

[Turn 1 | TESCO | @Tesco | 2017-11-14 13:04:38] (in reply to 2397389):
@689978 Hi, due to the current demand for chicken in the United Kingdom outstrips domestic supply. Therefore, for us to meet our customer demands in terms of quality and price, we source our chicken from places other than the United Kingdom. 1/3

[Turn 2 | TESCO | @Tesco | 2017-11-14 13:04:39] (in reply to 2397389):
@689978 The supply in Thailand is reliable and steady, and therefore we have chosen to source chicken from this part of the world. We fully mark our packaging to allow our customers to make an informed choice. 2/3

[Turn 3 | TESCO | @Tesco | 2017-11-14 13:04:42] (in reply to 2397389):
@689978 Although we still do have a large range of British products still available on our shelves. I hope this helps. Thanks, James. 3/3",general_feedback_and_chitchat,do_not_escalate,none,,"Chicken sourcing policy question, answered publicly"
94,2570978,4,17625.4,Clean; Branching,"[Turn 0 | CUSTOMER | @323989 | 2017-10-18 11:41:57] (root):
I wonder if @Tesco will ever respond. https://t.co/hPrvfLu1jf

[Turn 1 | TESCO | @Tesco | 2017-10-30 17:24:57] (in reply to 2570978):
@323989 Has your issue been resolved yet, or do you still require us to look into this for you? - Chris 2/2

[Turn 2 | TESCO | @Tesco | 2017-10-30 17:24:57] (in reply to 2570978):
@323989 Hi Chris, I am very sorry for the lack of reply from us, this was not intentional. 1/2

[Turn 3 | CUSTOMER | @323989 | 2017-10-30 17:27:22] (in reply to 2570976):
@Tesco Hi, in the end I just bought it from @141503",general_feedback_and_chitchat,do_not_escalate,none,,Delayed reply follow-up; customer resolved elsewhere
95,2707956,4,772.5,Clean,"[Turn 0 | CUSTOMER | @760459 | 2017-11-19 20:08:52] (root):
@Tesco Hello. How long does it take to get stock back in? I was there on Tuesday - and about 3 weeks ago - and there wasn’t any Maggi’s Chicken Noodles! Thanks, Sara xXx

[Turn 1 | TESCO | @Tesco | 2017-11-20 00:23:19] (in reply to 2707956):
@760459 Hi Sara, thank you for getting in touch, which store would you like me to check stock availability in? :-) kindest regards- Hannah.

[Turn 2 | CUSTOMER | @760459 | 2017-11-20 06:55:53] (in reply to 2707954):
@Tesco The Extra Sandhurst store please! xXx

[Turn 3 | TESCO | @Tesco | 2017-11-20 09:01:21] (in reply to 2707955):
@760459 Hi Sara, good news, the chicken noodles are back in stock. You can find them on aisle 25. Thanks - Ian",stock_and_availability,do_not_escalate,none,Store: Sandhurst Extra; Maggi Chicken Noodles,
96,2760445,4,381.1,Clean; Branching,"[Turn 0 | CUSTOMER | @772376 | 2017-11-20 22:57:05] (root):
Bought my friend this cute Unicorn cake 🦄💕 but was GUTTED to find this hair in the unopened box 😷🤮 Not acceptable @Tesco 👎🏽 https://t.co/7sazO4WSKW

[Turn 1 | TESCO | @Tesco | 2017-11-21 05:17:56] (in reply to 2760445):
@772376 Hi Sia, thank you for getting in touch, I'm really sorry to see that there was a hair in the unicorn cake you purchased for your friend, I can completely understand how concerning this must have been. 1/3

[Turn 2 | TESCO | @Tesco | 2017-11-21 05:18:03] (in reply to 2760445):
@772376 At your earliest convenience please can you return the cake back to any Metro, Superstore or Extra? My colleagues in store till complete the relevant process and send this off for full investigation by our suppliers. 2/3

[Turn 3 | TESCO | @Tesco | 2017-11-21 05:18:10] (in reply to 2760445):
@772376 Who will then get back to you within 14 days with a response to how this has happened. In the meantime, can you DM your full name, address, email, store purchased and barcode? I'll log this issue before returned. TY- Hannah. 3/3",product_quality_and_safety,escalate,product_safety_investigation,Hair found in unicorn cake,
97,2825160,4,812.0,Clean; Branching,"[Turn 0 | CUSTOMER | @787057 | 2017-11-26 20:18:43] (root):
@Tesco such a small cauliflower :( dissapointing day, how am I supposed to make a hearty cauliflower cheese with this :( https://t.co/VZejnd6tlm

[Turn 1 | TESCO | @Tesco | 2017-11-27 09:50:35] (in reply to 2825160):
@787057 Hi Grace, that cauliflower looks a little on the small side!! I'm sorry you couldn't make cauliflower cheese, which I must say is up there with one of my favourite things to eat! 1/3

[Turn 2 | TESCO | @Tesco | 2017-11-27 09:50:38] (in reply to 2825160):
@787057 So I can log this and send you a refund for this can you DM me your full name, address and email address?Followed by the price you paid for the product, the name of the store you bought this from, the barcode and the supplier code(SC). 2/3

[Turn 3 | TESCO | @Tesco | 2017-11-27 09:50:41] (in reply to 2825160):
@787057 Finally, would you mind if I passed your details onto the supplier? We can send a refund via post or email, which would you prefer? Thanks - Beth.",product_quality_and_safety,escalate,refund_or_compensation,Small cauliflower complaint; refund offered,
98,2826901,4,808.3,Clean; Cross-Brand (@morrisons); Multi-Customer,"[Turn 0 | CUSTOMER | @787411 | 2017-11-26 21:10:04] (root):
How about places like @Tesco &amp; @Morrisons open their cafes up to the homeless on #Christmas day? Just an idea. Of course, if they already do this then massive thumbs up to them! 👍🏻

[Turn 1 | CUSTOMER | @275863 | 2017-11-26 21:20:51] (in reply to 2826901):
@787411 @Tesco @Morrisons There’s some amazing work done by @246151 on Christmas for homeless people, but I absolutely agree it would be amazing to see more being done by big companies.

[Turn 2 | CUSTOMER | @787411 | 2017-11-26 21:25:06] (in reply to 2826900):
@275863 @Tesco @Morrisons @246151 Just saw @tesco ad about how they'll donate a quid for every turkey they sell, which is great, but they could do more. We all could.

[Turn 3 | TESCO | @Tesco | 2017-11-27 10:38:23] (in reply to 2826898):
@787411 Hi Matt, would you be able to DM us your name, address &amp; email? I can then log your interest in seeing this (: - Rocsi https://t.co/py5Z991Bme",general_feedback_and_chitchat,escalate,requires_pii_or_dm,,Suggestion re: cafes for homeless; DM requested to log interest
99,32007,4,43.6,Clean; Branching,"[Turn 0 | CUSTOMER | @123085 | 2017-11-01 12:09:10] (root):
@Tesco TV I bought 2 months ago been broken for a week now and tech support sending me round in circles and not calling back. Any help?

[Turn 1 | TESCO | @Tesco | 2017-11-01 12:40:20] (in reply to 32007):
@123085 Hi Lee, we've not been able to call as we don't have a number for you, sorry.  We need to arrange for your TV to be repaired.  1/2

[Turn 2 | CUSTOMER | @123085 | 2017-11-01 12:50:39] (in reply to 32005):
@Tesco Yes you do, I gave all my details to them. Had to even Google the email address where to send pictures as they gave me the wrong one twice

[Turn 3 | TESCO | @Tesco | 2017-11-01 12:52:49] (in reply to 32007):
@123085 Can you DM me with your address, phone number and email address so I can sort this out for you.  Thanks - Pam 2/2",delivery_and_orders,escalate,requires_pii_or_dm,TV repair arrangement (Tesco Direct),
100,38283,4,172.5,Clean; Branching,"[Turn 0 | CUSTOMER | @124322 | 2017-11-01 11:46:06] (root):
So gross. Eating a white chocolate cookie from @Tesco and it’s got a long thick dark hair in it🤢🤢 https://t.co/2dhdFKwiSt

[Turn 1 | TESCO | @Tesco | 2017-11-01 14:38:31] (in reply to 38283):
@124322 Hey Holly, I'm sorry you have found a hair in you cookie, could you please DM me a few details so I can get this logged for you? 1/3

[Turn 2 | TESCO | @Tesco | 2017-11-01 14:38:34] (in reply to 38283):
@124322 Can you please send me your full name, address, email, bar code, store of purchase, price and date of purchase? 2/3

[Turn 3 | TESCO | @Tesco | 2017-11-01 14:38:36] (in reply to 38283):
@124322 Also can I pass your details to our supplier just in case they want to contact you? TY - Rian 3/3",product_quality_and_safety,escalate,product_safety_investigation,Hair found in cookie,
101,4356,4,719.8,Clean,"[Turn 0 | CUSTOMER | @116721 | 2017-10-31 23:13:21] (root):
@Tesco food delivery due between 9-10pm. Still not arrived. Customer services did not answer call. Services now closed. What should I do? https://t.co/xSuRPWAivN

[Turn 1 | TESCO | @Tesco | 2017-11-01 03:28:56] (in reply to 4356):
@116721 Sorry, did you receive your order or manage to speak with anybody? - Ceri

[Turn 2 | CUSTOMER | @116721 | 2017-11-01 07:56:34] (in reply to 4354):
@Tesco No. did not receive email nor phone call yesterday. It’s completely unacceptable. I’m going to work now so this is going to be problematic.

[Turn 3 | TESCO | @Tesco | 2017-11-01 11:13:07] (in reply to 4355):
@116721 Hi, can you DM me with your account name, address, telephone number and email? Ty Andrew",delivery_and_orders,escalate,requires_pii_or_dm,"Late food delivery, no customer service response",
102,453475,4,256.1,Clean,"[Turn 0 | CUSTOMER | @222598 | 2017-11-30 21:24:55] (root):
@Tesco oi oi Tesco, there’s a cheap brand intruder in my shopping! That’s not what I paid for... https://t.co/wnIHWLWdqS

[Turn 1 | TESCO | @Tesco | 2017-11-30 22:57:43] (in reply to 453475):
@222598 Hello Marie, I am sorry you have received the wrong coke with your order and I appreciate this must be annoying. Can you please DM your full name, address and email? I can get it refunded for you. TY - Chris

[Turn 2 | CUSTOMER | @222598 | 2017-11-30 22:59:24] (in reply to 453473):
@Tesco Thanks Chris, I’ve actually just emailed the address on the delivery note as found one other problem too :)

[Turn 3 | TESCO | @Tesco | 2017-12-01 01:41:04] (in reply to 453474):
@222598 Should you need any additional assistance please let us know :) Kind regards - Aneurin",delivery_and_orders,escalate,refund_or_compensation,Wrong item substituted in delivery order,
103,4961,4,372.0,Clean,"[Turn 0 | CUSTOMER | @116878 | 2017-10-31 22:04:47] (root):
@Tesco Hi there, will the Tesco store in Monkspath have copies of Call of Duty WW2 to buy at midnight release?

[Turn 1 | TESCO | @Tesco | 2017-10-31 23:17:18] (in reply to 4961):
@116878 Hi there, I am pleased to say that yes the store will be doing a midnight release as it is a 24 hour store. Thanks - Callum

[Turn 2 | CUSTOMER | @116878 | 2017-10-31 23:18:00] (in reply to 4959):
@Tesco Thank you Callum will it have to be preorder or will there be general sale?

[Turn 3 | TESCO | @Tesco | 2017-11-01 04:16:45] (in reply to 4960):
@116878 It will generally be made available for purchase. It's first come first serve. - Mart",stock_and_availability,do_not_escalate,none,Store: Monkspath; midnight game release,
104,543208,4,274.9,Clean,"[Turn 0 | CUSTOMER | @246138 | 2017-12-02 13:17:59] (root):
Come on then, @Tesco, why do we sell nuts in shells without stocking nut-crackers? St. Neots Extra

[Turn 1 | TESCO | @Tesco | 2017-12-02 16:22:49] (in reply to 543208):
@246138 Hi Andy, our system shows we should have 7 in St. Neots Extra. It's not live so we can't guarantee availability, but if you show this to a colleague ""Aisle ZE, Side X, Mod 13, Shelf C"" they should be able to find one for you! TY - Paige

[Turn 2 | CUSTOMER | @246138 | 2017-12-02 16:37:26] (in reply to 543206):
@Tesco Ok thanks Paige. I left store a while ago, but to be honest the 25% off 6+ bottles of wine softened the blow! Thanks for getting back to me.

[Turn 3 | TESCO | @Tesco | 2017-12-02 17:52:53] (in reply to 543207):
@246138 Hi Andy, I imagine it did :). If we can help with anything else please let us know. I hope you enjoy the wine! Best wishes. Mike",stock_and_availability,do_not_escalate,none,Store: St. Neots Extra; nut-crackers,
105,551387,4,234.8,Clean,"[Turn 0 | CUSTOMER | @248491 | 2017-12-02 16:57:29] (root):
@Tesco Hi, could you tell me what time Tesco Direct deliver furniture until - I have been waiting in all day for my order but am going out later. What is the latest I can expect delivery?

[Turn 1 | TESCO | @Tesco | 2017-12-02 19:08:56] (in reply to 551387):
@248491 Hi Elle, it would depend on which courier was delivering this to you. Our couriers usually deliver until 7 pm. If you can DM your full name, address &amp; order number I will look into this for you. Kind regards - Andy S

[Turn 2 | CUSTOMER | @248491 | 2017-12-02 19:11:33] (in reply to 551385):
@Tesco I just spoke with a colleague on the phone who told me 7pm. Paid £25 for deliver as well. Very unimpressed, but your colleague has requested next Saturday for delivery now... to be continued.

[Turn 3 | TESCO | @Tesco | 2017-12-02 20:52:17] (in reply to 551386):
@248491 I'm really sorry Elle, I wish that there was more I can do to assist you. Please accept my apologies for this inconvenience. Kind regards - Andy S",delivery_and_orders,escalate,requires_pii_or_dm,Tesco Direct furniture delivery timing,
106,629971,4,85.6,Clean,"[Turn 0 | CUSTOMER | @269262 | 2017-11-22 14:26:45] (root):
@Tesco there is a pricing error on some of your cheese. 500g for 2.70 advertised but the pack is 450g. https://t.co/rwsPQN5DDz

[Turn 1 | TESCO | @Tesco | 2017-11-22 15:45:46] (in reply to 629971):
@269262 Hi Victoria, that's strange! Could please let me know which store this is in and I will inform them off this error? Thanks, Calum

[Turn 2 | CUSTOMER | @269262 | 2017-11-22 15:48:16] (in reply to 629969):
@Tesco I have already informed the store this was in. It is just incase other stores have the same pricing error.

[Turn 3 | CUSTOMER | @269262 | 2017-11-22 15:52:19] (in reply to 629970):
@Tesco This was in rotherham and I love that shop. The staff were so lovely about this and very appreciative of me pointing it out for them. Can't sing their praises enough.",pricing_promotions_and_vouchers,do_not_escalate,none,Store: Rotherham; cheese weight/price mismatch,
107,672216,4,28.7,Clean; Branching,"[Turn 0 | CUSTOMER | @280377 | 2017-11-23 08:39:13] (root):
@Tesco I bought these bananas on Tuesday and they’re all black inside 😷😷😷 https://t.co/th8NN9PxEE

[Turn 1 | TESCO | @Tesco | 2017-11-23 09:07:47] (in reply to 672216):
@280377 Hi Katherine, I'm very sorry to see your bananas have gone off. I would like to get this fed back to the supplier and get a refund issued for you. Can you please DM me a few details? 1/3

[Turn 2 | TESCO | @Tesco | 2017-11-23 09:07:50] (in reply to 672216):
@280377 I will need your full name, address, email, store, barcode, batch and supplier code. Do I have your permission to pass on your details to the supplier? 2/3

[Turn 3 | TESCO | @Tesco | 2017-11-23 09:07:54] (in reply to 672216):
@280377 Lastly, can you please let me know if you would like your refund via email or post. Kind Regards - Stacey. 3/3",product_quality_and_safety,escalate,refund_or_compensation,Bananas gone off; refund offered,
108,848667,4,134.0,Clean; Branching,"[Turn 0 | CUSTOMER | @321675 | 2017-10-20 12:39:03] (root):
@Tesco 😱 drinking alcohol free wine and it turns out it has alcohol in even if it is &lt;0.5%

[Turn 1 | TESCO | @Tesco | 2017-10-20 14:51:14] (in reply to 848667):
@321675 I actually didn't know this myself I had to contact my business support team. I hope you're ok -TY Stacey. 2/2

[Turn 2 | TESCO | @Tesco | 2017-10-20 14:51:14] (in reply to 848667):
@321675 Hi, I'm sorry to hear this. But this is actually normal for alcohol free drinks, the alcohol is that low they class it as alcohol free.1/2

[Turn 3 | CUSTOMER | @321675 | 2017-10-20 14:53:02] (in reply to 848665):
@Tesco Not sure my unborn child is to impressed!😂learn something new everyday!",general_feedback_and_chitchat,do_not_escalate,none,Alcohol-free wine content query,
109,921627,4,115.6,Clean; Branching,"[Turn 0 | CUSTOMER | @338782 | 2017-10-21 10:50:15] (root):
@Tesco so I just found a piece of plastic in my pasta... I bit into it because it was hidden in my pasta... it hurt https://t.co/KrwAu8TbZi

[Turn 1 | TESCO | @Tesco | 2017-10-21 12:45:27] (in reply to 921627):
@338782 Hi Jade, sorry to see this. Please return the packaging &amp; piece of plastic to your nearest Extra, Superstore or Metro 1/3

[Turn 2 | TESCO | @Tesco | 2017-10-21 12:45:41] (in reply to 921627):
@338782 My colleagues will process a quality complaint &amp; a refund. It'll be investigated &amp; you'll receive a response in writing within 14 days 2/3

[Turn 3 | TESCO | @Tesco | 2017-10-21 12:45:53] (in reply to 921627):
@338782 If you have any queries please let me know - Laura 3/3",product_quality_and_safety,escalate,product_safety_investigation,Plastic in pasta caused injury,
110,924658,4,640.8,Clean; Branching,"[Turn 0 | CUSTOMER | @236491 | 2017-10-21 10:14:34] (root):
@33983 @Tesco  when are these machines going to take the new £1 coin? We need to save for Christmas https://t.co/GRGnv00eEE

[Turn 1 | TESCO | @Tesco | 2017-10-21 13:55:08] (in reply to 924658):
@236491 Hi Avril, I have called the store and they are aware of this issue, they have made me aware the machine will be upgraded next week 1/2

[Turn 2 | TESCO | @Tesco | 2017-10-21 13:55:12] (in reply to 924658):
@236491 They don't have an exact date at the moment. Thanks for bringing this to our attention. - Adam 2/2

[Turn 3 | CUSTOMER | @236491 | 2017-10-21 20:55:20] (in reply to 924659):
@Tesco Thank you",store_experience_and_staff,do_not_escalate,none,Store change machine needs coin upgrade,
111,944415,4,1185.0,Clean,"[Turn 0 | CUSTOMER | @343938 | 2017-10-21 15:32:51] (root):
Making irish stew in my new slow cooker and I haven’t been this excited for tea in sooo long, I am so old

[Turn 1 | TESCO | @Tesco | 2017-10-21 16:54:53] (in reply to 944415):
@343938 If by ""old"" you mean enjoying delicious foods Natasha, then we're really old!😂 We think you'll love these! https://t.co/gYtneeCLIl

[Turn 2 | CUSTOMER | @343938 | 2017-10-21 17:33:21] (in reply to 944413):
@Tesco They all look amazing! Thank you😊

[Turn 3 | TESCO | @Tesco | 2017-10-22 11:17:49] (in reply to 944414):
@343938 Anytime you need recipe inspiration...we're only a tweet away 😇 #EveryLittleHelps",general_feedback_and_chitchat,do_not_escalate,none,,
112,945797,4,52.2,Clean; Branching,"[Turn 0 | CUSTOMER | @344271 | 2017-10-21 16:30:57] (root):
@Tesco @255922 this is about my 5th complaint now of your self service checkouts not working for Tesco pay plus &amp; staff aren’t trained

[Turn 1 | CUSTOMER | @344271 | 2017-10-21 16:35:38] (in reply to 945797):
@Tesco @255922 This happens to me every week, and I tweet and nothing seems to get fixed. At least train your staff. 3 of them didn’t know what to do!

[Turn 2 | TESCO | @Tesco | 2017-10-21 17:23:06] (in reply to 945795):
@344271 Hi Jack, sorry you are having issues with Tesco Pay+ in store, could you please DM us with the exact stores? 1/2

[Turn 3 | TESCO | @Tesco | 2017-10-21 17:23:07] (in reply to 945795):
@344271 Could you also include errors displayed on either device or tills? once we have this information we can investigate further. 2/2 TY Joshua",store_experience_and_staff,escalate,technical_support,"Tesco Pay+ self-service checkout fault, staff training complaint",Combines staff-training complaint with a Pay+ technical issue
113,959239,4,69.8,Clean; Multi-Customer,"[Turn 0 | CUSTOMER | @347591 | 2017-10-11 12:44:41] (root):
To get curry or not... I'm dieting... I've lost 12 lbs... do I deserve a treat...

[Turn 1 | TESCO | @Tesco | 2017-10-11 13:20:40] (in reply to 959239):
@347591 Congratulations on your progress🙌, we have this tempting but definitely not diet breaking curry 😋

https://t.co/wSU7QHhpUy

[Turn 2 | CUSTOMER | @347591 | 2017-10-11 13:41:19] (in reply to 959237):
@Tesco You are the devil on my shoulder but I love you haha. Curry it is for sure.

[Turn 3 | CUSTOMER | @347592 | 2017-10-11 13:54:27] (in reply to 959238):
@347591 @Tesco why am I laughing so hard right now xD",general_feedback_and_chitchat,do_not_escalate,none,,
114,980571,4,2489.0,Clean; Multi-Customer,"[Turn 0 | CUSTOMER | @352505 | 2017-10-20 12:36:54] (root):
Received 999 call from a motorist reporting a human arm on the side of the road. Officers investigated, it’s just a ‘armless Halloween prop https://t.co/2hrp7bhlrB

[Turn 1 | CUSTOMER | @352504 | 2017-10-20 15:51:11] (in reply to 980571):
@352505 #MalvernA were happy to give our Worcester colleagues a hand! https://t.co/U6IgxZBQfK

[Turn 2 | CUSTOMER | @352503 | 2017-10-21 19:15:53] (in reply to 980570):
@352504 @352505 I was in @Tesco Worcester looking for a leg of lamb but found this delicacy instead - an arm of beef! 😱💪 Has yours escaped? #Halloween https://t.co/bRbxFoSXZN

[Turn 3 | TESCO | @Tesco | 2017-10-22 06:05:53] (in reply to 980568):
@352503 What a gruesome discovery! Looks like the ghouls have been out in force - spooky! - Mat",general_feedback_and_chitchat,do_not_escalate,none,,Off-topic banter re: Halloween prop
115,1144359,5,38.1,Clean; Branching,"[Turn 0 | CUSTOMER | @389351 | 2017-10-24 12:43:10] (root):
@Tesco please explain how I'm suppose to feed this to my son?! Disgusting😷 https://t.co/LUlraUL2Ii

[Turn 1 | TESCO | @Tesco | 2017-10-24 13:19:13] (in reply to 1144359):
@389351 Hi there, I'm sorry to see that your yoghurts are poor quality. Can you DM us? Please include your full name and address. 1/4

[Turn 2 | TESCO | @Tesco | 2017-10-24 13:19:18] (in reply to 1144359):
@389351 Can you also send a clear picture of the front/back of the packaging, the store you purchased from and the price paid? 2/4

[Turn 3 | TESCO | @Tesco | 2017-10-24 13:21:19] (in reply to 1144359):
@389351 We'll then be able to record this data to ensure that our suppliers are aware. We can also offer you a Tesco Moneycard. 3/4

[Turn 4 | TESCO | @Tesco | 2017-10-24 13:21:19] (in reply to 1144359):
@389351 Would it be ok to pass on your information? It's unlikely, but they may like to contact you. TY - Paige 4/4 https://t.co/py5Z991Bme",product_quality_and_safety,escalate,refund_or_compensation,Poor quality yoghurt; Moneycard offered,
116,1149065,5,129.8,Clean,"[Turn 0 | CUSTOMER | @334618 | 2017-10-24 13:36:12] (root):
@Tesco Do you guys stock the new rokus in store or just online? :)

[Turn 1 | TESCO | @Tesco | 2017-10-24 14:40:37] (in reply to 1149065):
@334618 Hi Casey are you referring to at Roku streaming stick? Thanks - Lee

[Turn 2 | CUSTOMER | @334618 | 2017-10-24 14:55:23] (in reply to 1149063):
@Tesco Sorry the new roku express. :)

[Turn 3 | TESCO | @Tesco | 2017-10-24 15:35:16] (in reply to 1149064):
@334618 Hi Casey, we are selling it in some stores - could you DM me with your postcode and I'll check all the stores in your area? Thanks! - Bryan

[Turn 4 | CUSTOMER | @334618 | 2017-10-24 15:46:01] (in reply to 1149066):
@Tesco Done. ☺☺",stock_and_availability,escalate,requires_pii_or_dm,Roku Express stock check by postcode,
117,1288309,5,76.3,Clean; Branching,"[Turn 0 | CUSTOMER | @421325 | 2017-10-26 18:26:07] (root):
Some lovely maggots in the tinned tomatoes I bought from @Tesco yummy! https://t.co/4DpgSonWwh

[Turn 1 | TESCO | @Tesco | 2017-10-26 19:42:18] (in reply to 1288309):
@421325 Hi Alex. I'm sorry there were maggots in your tomatoes! I understand how concerning this must have been. 1/4

[Turn 2 | TESCO | @Tesco | 2017-10-26 19:42:20] (in reply to 1288309):
@421325 Can you please return the product, packaging and your receipt to any Metro, Extra or Superstore so this can be sent to our supplier? 2/4

[Turn 3 | TESCO | @Tesco | 2017-10-26 19:42:22] (in reply to 1288309):
@421325 Can you also DM me your full name, address, postcode, barcode, SC code, price paid and store this came from so I can log this? 3/4

[Turn 4 | TESCO | @Tesco | 2017-10-26 19:42:24] (in reply to 1288309):
@421325 I look forward to hearing from you. - Alisha 4/4",product_quality_and_safety,escalate,product_safety_investigation,Maggots in tinned tomatoes,
118,1339364,5,131.4,Clean; Branching,"[Turn 0 | CUSTOMER | @432415 | 2017-10-16 11:50:46] (root):
@Tesco scammed mate is that your idea of half slices?? I’ve only had 2 proper slices! Look at them bottom ones 😭 heartbroken 💔 https://t.co/YJgo8I57wx

[Turn 1 | CUSTOMER | @432415 | 2017-10-16 11:53:47] (in reply to 1339364):
@Tesco Half price but i weren’t expecting half the slice

[Turn 2 | TESCO | @Tesco | 2017-10-16 13:26:31] (in reply to 1339362):
@432415 Hi Laura, sorry to hear you found your ham like this. Do you mind sending a DM with the following details 1/2

[Turn 3 | TESCO | @Tesco | 2017-10-16 13:26:33] (in reply to 1339362):
@432415 Barcode, Full Address, First Name, Supplier Code (SC1234)  Once I receive this I would be more than happy to look into this. 2/2 David

[Turn 4 | CUSTOMER | @432415 | 2017-10-16 14:02:11] (in reply to 1339363):
@Tesco have done pal",product_quality_and_safety,escalate,requires_pii_or_dm,Ham packaging/quantity complaint,
119,141215,5,67.5,Clean; Branching,"[Turn 0 | CUSTOMER | @147848 | 2017-11-24 11:46:15] (root):
@Tesco just because we are vegan, doesn’t mean we have no sense of taste. Your new vegan sandwich is shit

[Turn 1 | TESCO | @Tesco | 2017-11-24 12:09:07] (in reply to 141215):
@147848 Hi Danniella, I'm sorry you don't find our new vegan sandwich very tasty, this must have been disappointing for you. So I can log your feedback and send you a refund for this can you DM me your full name, address and email address? 1/2

[Turn 2 | TESCO | @Tesco | 2017-11-24 12:09:10] (in reply to 141215):
@147848 Followed by the price you paid for the product, the name of the store you bought this from and the barcode. We can send you a refund via post or email, which would suit you best? Thanks - Beth :)

[Turn 3 | CUSTOMER | @147848 | 2017-11-24 12:11:46] (in reply to 141213):
@Tesco I have binned the sandwich along with the wrapping. In the future perhaps you should do a social media vote so we can give you ideas on what foods actually taste ok. The roll was nice quality bread and the vegan mayo was ok. The rest was just vile

[Turn 4 | TESCO | @Tesco | 2017-11-24 12:53:44] (in reply to 141214):
@147848 Hi Danniella, I would like to get this feedback logged for you. Can you please DM me your full name, address and email address. Kind Regards - Stacey.",product_quality_and_safety,escalate,refund_or_compensation,Vegan sandwich taste complaint; refund offered,
120,1556398,5,14326.6,Clean,"[Turn 0 | CUSTOMER | @481201 | 2017-10-31 20:10:39] (root):
Watching bake off with cake and a cup of tea #GBBOFinal im going to miss these tuesday nights !!

[Turn 1 | TESCO | @Tesco | 2017-10-31 20:18:58] (in reply to 1556398):
@481201 It's been a great season hasn't it Becky! Have you attempted any of the bakes yourself at all? 😊

[Turn 2 | CUSTOMER | @481201 | 2017-11-03 19:48:00] (in reply to 1556397):
@Tesco Haha im always baking i havent tried all yet but some of them are a must!!

[Turn 3 | TESCO | @Tesco | 2017-11-04 12:19:04] (in reply to 1556396):
@481201 We think we've got just the recipes for you to try 😇 #Inspiration #EveryLittleHelps

https://t.co/iYQfUxkwCk

[Turn 4 | CUSTOMER | @481201 | 2017-11-10 18:57:16] (in reply to 1556394):
@Tesco Thanks ill have a look at these 👍",general_feedback_and_chitchat,do_not_escalate,none,,
121,1607510,5,65.4,Clean,"[Turn 0 | CUSTOMER | @493745 | 2017-11-25 12:18:34] (root):
@Tesco Hiya could you tell me the price of call of duty ww2 for the ps4 please ? thankyou

[Turn 1 | CUSTOMER | @493745 | 2017-11-25 12:43:05] (in reply to 1607510):
@Tesco hi could you please check your gateshead store has these in stock please im loaded with flu and would hate a wasted journey thanks

[Turn 2 | TESCO | @Tesco | 2017-11-25 13:20:46] (in reply to 1607509):
@493745 Hi Claire, the game is £36.00, I'm so sorry I can't check the store as it the Black Friday Weekend and I can't give you an accurate stock level. Hope you feel better soon. TY - Jill

[Turn 3 | CUSTOMER | @493745 | 2017-11-25 13:21:49] (in reply to 1607508):
@Tesco its out of stock but thanks anyway xxx

[Turn 4 | TESCO | @Tesco | 2017-11-25 13:23:58] (in reply to 1607507):
@493745 Sorry about that Claire, please let us know if you need anything else - Allyn",stock_and_availability,do_not_escalate,none,Store: Gateshead; Call of Duty WW2 stock,
122,168050,5,115.8,Clean,"[Turn 0 | CUSTOMER | @155094 | 2017-11-24 20:32:09] (root):
@Tesco Hello. I’m still waiting for my tesco online shopping delivery. Due 7-8pm tonight and still hasn’t turned up. Order no 22271939

[Turn 1 | TESCO | @Tesco | 2017-11-24 21:06:49] (in reply to 168050):
@155094 Hi Wayne, I am sorry your order was late, has it arrived now. Can you please DM your full name, address and email? I can address this for you. TY - Chris

[Turn 2 | CUSTOMER | @155094 | 2017-11-24 21:07:40] (in reply to 168048):
@Tesco Hey. I’ve already DM’d about 40 min ago. It arrived about 15 mins ago but still about 45 min late. All good though

[Turn 3 | TESCO | @Tesco | 2017-11-24 22:25:16] (in reply to 168049):
@155094 Hi Wayne, thank you for getting back to me, I can see you only provided your order number. Can you please provide the other details so I can log your feedback. TY - Chris

[Turn 4 | CUSTOMER | @155094 | 2017-11-24 22:27:54] (in reply to 168051):
@Tesco Ok sure. dM you now",delivery_and_orders,escalate,requires_pii_or_dm,Late online delivery,
123,172386,5,38.2,Clean; Branching,"[Turn 0 | CUSTOMER | @156284 | 2017-11-24 22:17:34] (root):
@Tesco what’s going on with your online shopping? I keep getting a page cannot be displayed error when checking out

[Turn 1 | TESCO | @Tesco | 2017-11-24 22:20:17] (in reply to 172386):
@156284 Hi Matthew, I'm sorry to hear that you're having trouble when trying to check out. Can you confirm what part of the website this is? - Ceri

[Turn 2 | CUSTOMER | @156284 | 2017-11-24 22:37:45] (in reply to 172384):
@Tesco It is when going into the checkout to input payment details Iv got a photo of the error tried on multiple devices and on 4g and WiFi https://t.co/S2Nr1cF2S8

[Turn 3 | TESCO | @Tesco | 2017-11-24 22:45:42] (in reply to 172385):
@156284 Hi Matthew, thanks for getting back in touch. This may be something to do with the items in your basket. Please can you DM us and confirm what items you're looking to purchase? - Phil.

[Turn 4 | CUSTOMER | @156284 | 2017-11-24 22:55:44] (in reply to 172385):
@Tesco Hi Phil just sent that through",website_and_app_technical,escalate,technical_support,Checkout payment error page,
124,1861095,5,115.9,Clean; Branching,"[Turn 0 | CUSTOMER | @556274 | 2017-10-19 15:24:33] (root):
Hey @Tesco it’s about time you stopped selling those Big &amp; Nasty eggs. Animal cruelty has to stop! https://t.co/Ve7pd7Sf98 #BigAndNasty

[Turn 1 | TESCO | @Tesco | 2017-10-19 17:19:44] (in reply to 1861095):
@556274 We are committed to high animal welfare standards &amp; all of our egg producers must be fully compliant with the Red Tractor assurance scheme,

[Turn 2 | TESCO | @Tesco | 2017-10-19 17:20:15] (in reply to 1861095):
@556274 As well as meeting additional Tesco welfare standards. 2/4

[Turn 3 | TESCO | @Tesco | 2017-10-19 17:20:21] (in reply to 1861095):
@556274 We understand the RSPCA has investigated this issue and found no welfare guidelines were breached. 3/4

[Turn 4 | TESCO | @Tesco | 2017-10-19 17:20:28] (in reply to 1861095):
@556274 We will continue to work hard to ensure we and our suppliers uphold these standards. - Rocsi 4/4",general_feedback_and_chitchat,do_not_escalate,none,,Animal welfare complaint about egg product line; answered with policy statement
125,1946416,5,34.4,Clean; Branching,"[Turn 0 | CUSTOMER | @234903 | 2017-10-30 11:02:28] (root):
@Tesco hi, your desktop online grocery shopping isn't working properly. Won't let me search for items. X

[Turn 1 | CUSTOMER | @234903 | 2017-10-30 11:04:20] (in reply to 1946416):
@Tesco Or scroll, I'm using it on my phone. But on safari X

[Turn 2 | TESCO | @Tesco | 2017-10-30 11:36:38] (in reply to 1946413):
@234903 Hi Jessi, I'm very sorry you are having trouble with the website, we have a few steps for you to follow to help get you up and running. 1/3

[Turn 3 | TESCO | @Tesco | 2017-10-30 11:36:45] (in reply to 1946413):
@234903 Can you please clear the cache/cookies on your browser, then check the date and time on device. 2/3

[Turn 4 | TESCO | @Tesco | 2017-10-30 11:36:51] (in reply to 1946413):
@234903 Please then close the browser and reopen, please then try once more. This should help, however if not please get back in touch. 3/3",website_and_app_technical,do_not_escalate,none,Mobile Safari search/scroll fault,
126,2205688,5,38.0,Clean; Branching,"[Turn 0 | CUSTOMER | @644901 | 2017-11-09 21:44:25] (root):
@Tesco  what's going on with your website .. trying to do my shop and 'oops nothing here ' is not helpful!

[Turn 1 | CUSTOMER | @644901 | 2017-11-09 21:46:42] (in reply to 2205688):
@Tesco Now ' oops something went wrong ' !!!

[Turn 2 | TESCO | @Tesco | 2017-11-09 22:22:09] (in reply to 2205685):
@644901 Hi there, we are currently experiencing some technical issues with our website 1/3

[Turn 3 | TESCO | @Tesco | 2017-11-09 22:22:16] (in reply to 2205685):
@644901 We're working hard to resolve this as quickly as possible 2/3

[Turn 4 | TESCO | @Tesco | 2017-11-09 22:22:22] (in reply to 2205685):
@644901 I'm sorry for the inconvenience caused and thanks for your patience - Aneurin 3/3",website_and_app_technical,do_not_escalate,none,Site-wide technical issue acknowledged publicly,
127,2238209,5,1029.4,Clean; Branching,"[Turn 0 | CUSTOMER | @652659 | 2017-10-19 15:59:32] (root):
@Tesco absolutely furious - bought  steak which leaked over entire shopping. Have been told I have to trapse back to the store to resolve! https://t.co/K3YhNyZ3Ql

[Turn 1 | TESCO | @Tesco | 2017-10-19 16:56:48] (in reply to 2238209):
@652659 Hi there, so sorry to hear about this, that's an entire shop ruined. I too would not be very amused by this. 1/2

[Turn 2 | TESCO | @Tesco | 2017-10-19 16:56:50] (in reply to 2238209):
@652659 The best option is to go back to the store so you will be dealt with in the quickest and easiest way. - Jay 2/2

[Turn 3 | CUSTOMER | @652659 | 2017-10-20 06:26:01] (in reply to 2238207):
@Tesco It’s an inconvenience with two small children to drive back to a store when it could have been rectified over the phone! Shocking service!

[Turn 4 | TESCO | @Tesco | 2017-10-20 09:08:58] (in reply to 2238208):
@652659 Hi there, I completely understand your frustration. If you go back to store they're best equipped to deal with this issue - David",store_experience_and_staff,do_not_escalate,none,Leaking steak ruined shopping; directed back to store,
128,2371584,5,3047.1,Clean; Cross-Brand (@sainsburys); Branching,"[Turn 0 | CUSTOMER | @684276 | 2017-11-13 19:49:45] (root):
@Tesco Bought these chestnuts a few days ago for a pre Xmas get together &amp; they are ALL mouldy inside. Not happy in the slightest and very embarrassing in front of friends. Should have gone to @sainsburys 😡😡😡 https://t.co/a6BsuXuUXh

[Turn 1 | TESCO | @Tesco | 2017-11-14 00:30:51] (in reply to 2371584):
@684276 Hi Harriet, I'm sorry to see the Chestnuts you purchased were mouldy, I can understand your disappointment. I'd like to document your feedback &amp; refund you, to do this can you DM your full name, full address &amp; email? 1/2

[Turn 2 | TESCO | @Tesco | 2017-11-14 00:31:38] (in reply to 2371584):
@684276 Can you include the barcode, date code, supplier code, price paid and store purchased from? Lastly, are you happy for me to pass your details on to our supplier? Ty - James 2/2 https://t.co/py5Z991Bme

[Turn 3 | CUSTOMER | @684276 | 2017-11-15 20:46:16] (in reply to 2371582):
@Tesco They were loose chestnuts,so I can't give you any of those details. I bought them from Loughborough though if that helps?

[Turn 4 | TESCO | @Tesco | 2017-11-15 22:36:51] (in reply to 2371583):
@684276 Hi Harriet, that's no problem could you please DM me the other details mentioned - Nick",product_quality_and_safety,escalate,refund_or_compensation,Mouldy chestnuts (loose product),
129,2405543,5,809.3,Clean; Branching; Multi-Customer,"[Turn 0 | CUSTOMER | @691879 | 2017-11-14 12:49:22] (root):
My friend got pink chicken, thanks @Tesco https://t.co/q0FIOivst6

[Turn 1 | TESCO | @Tesco | 2017-11-14 14:57:40] (in reply to 2405543):
@691879 Hi there, sorry to hear that your friends chicken was pink. Would you be able to get your friend to contact us please? Due to Data Protection we would have to get all the information from your friend. TY - David

[Turn 2 | CUSTOMER | @691880 | 2017-11-14 20:16:12] (in reply to 2405541):
@Tesco @691879 Aye, Hello, I'm the friend, big shame!!

[Turn 3 | TESCO | @Tesco | 2017-11-15 02:18:09] (in reply to 2405542):
@691880 Hi Caolán, please can you send us a picture of the barcode area from the chicken and a picture of the receipt? 1/2

[Turn 4 | TESCO | @Tesco | 2017-11-15 02:18:42] (in reply to 2405542):
@691880 Can you also DM your full name, address, store that it was purchased form? - Ceri 2/2",product_quality_and_safety,escalate,product_safety_investigation,Pink/undercooked chicken,Affected person is a friend of the poster; data protection raised
130,2486187,5,161.0,Clean,"[Turn 0 | CUSTOMER | @710161 | 2017-11-15 15:00:50] (root):
@Tesco presumably you will be picking up my 1 year old from nursery as you’ve parked across my garage??! #LIVID!!! https://t.co/47BUVCFIUi

[Turn 1 | TESCO | @Tesco | 2017-11-15 16:09:30] (in reply to 2486187):
@710161 Hi Tristam, sorry for any inconvenience caused. Did you ask the driver to move the van? - Julie

[Turn 2 | CUSTOMER | @710161 | 2017-11-15 16:28:59] (in reply to 2486185):
@Tesco It did occur to me yes. He wasn’t in it. I eventually did an 18 point turn before he came back from Wimpy.

[Turn 3 | CUSTOMER | @710161 | 2017-11-15 16:30:05] (in reply to 2486186):
@Tesco he apologised and we shook hands eventually and sorted it out between ourselves

[Turn 4 | TESCO | @Tesco | 2017-11-15 17:41:48] (in reply to 2486188):
@710161 Hi Tristam, I'm glad to hear that you and our van driver managed to resolve the issue. Once again, our apologies for any inconvenience caused. Have a nice evening. Ty - Iain",store_experience_and_staff,do_not_escalate,none,Delivery van blocking driveway/garage,
131,2593790,5,713.8,Clean; Branching,"[Turn 0 | CUSTOMER | @734523 | 2017-11-16 18:48:57] (root):
Dear @Tesco This isn't quite the great deal you make out. I have 1Kg less flour than I wanted.... :S https://t.co/AFwGTamfcX

[Turn 1 | TESCO | @Tesco | 2017-11-17 02:20:02] (in reply to 2593790):
@734523 Hello Anji, I am sorry you are not happy with your substitution. Looking at the items, the one you have been given was more expensive, even though there was less in the packet. 1/2

[Turn 2 | TESCO | @Tesco | 2017-11-17 02:24:33] (in reply to 2593790):
@734523 Can you please DM your full name, address and email? I can log your feedback. TY - Chris 2/2

[Turn 3 | CUSTOMER | @734523 | 2017-11-17 06:41:14] (in reply to 2593791):
@Tesco Thanks. I can see that. However 1Kg less won't feed my family for the month. Didn't notice until unpacking because I assumed same size 1/2

[Turn 4 | CUSTOMER | @734523 | 2017-11-17 06:42:43] (in reply to 2593791):
@Tesco 2/2 In the past have been given same size, different brand. It does make a difference unfortunately.",delivery_and_orders,escalate,requires_pii_or_dm,Substitution smaller quantity flour,
132,2635277,5,168.8,Clean; Branching,"[Turn 0 | CUSTOMER | @440493 | 2017-11-17 19:06:31] (root):
@Tesco honestly I am absolutely fed up with being racially profiled and escorted out of your bristol wine street store by your security guard. What makes it worse is that he's black himself. I would like to give details for an official complaint

[Turn 1 | TESCO | @Tesco | 2017-11-17 19:19:53] (in reply to 2635277):
@440493 I'm sorry to hear of the service you received from my colleague in you local store. I can understand how concerning this must be for you. I can assure you this is not the level of service we expect from our colleagues. 1/2 https://t.co/py5Z991Bme

[Turn 2 | TESCO | @Tesco | 2017-11-17 19:23:12] (in reply to 2635277):
@440493 I'd like to pass your comments to our Management Team so this can be addressed with my colleague to make sure a situation like this does not happen again. Please DM a name/description of my colleague andthe date/time of incident? TY - Jayne

[Turn 3 | CUSTOMER | @440493 | 2017-11-17 19:30:40] (in reply to 2635275):
@Tesco Done. I await your reply

[Turn 4 | TESCO | @Tesco | 2017-11-17 21:55:21] (in reply to 2635276):
@440493 Hi there. I have responded to your DM. - Alisha.",store_experience_and_staff,escalate,formal_complaint,Store: Bristol Wine Street; alleged racial profiling by security,
133,2687237,5,476.6,Clean; Branching,"[Turn 0 | CUSTOMER | @755641 | 2017-11-19 11:59:14] (root):
@Tesco pizza in home delivery with yesterdays date, refund for that one but what about the other pizza that we were going to have with it?

[Turn 1 | TESCO | @Tesco | 2017-11-19 13:31:01] (in reply to 2687237):
@755641 Hi Barbara, I'm sorry to hear that the pizza you were sent was out of date, I appreciate that you would be disappointed. 1/2

[Turn 2 | TESCO | @Tesco | 2017-11-19 13:31:10] (in reply to 2687237):
@755641 So I can investigate this further, can you please DM your full name, address, postcode and email? Many thanks. - Alex 2/2

[Turn 3 | CUSTOMER | @755641 | 2017-11-19 15:43:24] (in reply to 2687235):
@Tesco Hi, my husband had also tweeted you, I’ll let him deal with it. Thanks!!!!

[Turn 4 | TESCO | @Tesco | 2017-11-19 19:55:51] (in reply to 2687236):
@755641 That's not a problem Barbara :) If you need anything else, please let us know. Thanks - Luciano",delivery_and_orders,escalate,requires_pii_or_dm,Out of date pizza in home delivery order,
134,2721886,5,68.2,"Clean; Cross-Brand (@aldiuk,@morrisons,@sainsburys); Branching","[Turn 0 | CUSTOMER | @763667 | 2017-11-20 09:29:07] (root):
@sainsburys @Morrisons @117249 @117246 @AldiUK @Tesco @117250 when are you going to ditch ALL plastic packaging? #SaveOurOceans #plasticpollution #BluePlanet2

[Turn 1 | TESCO | @Tesco | 2017-11-20 10:28:12] (in reply to 2721886):
@763667 We've been tracking the amount of packaging we use by looking at the average weight of packaging per unit sold. Since 2007 we've reduced packaging by 37% on loose and packaged food. 1/3

[Turn 2 | TESCO | @Tesco | 2017-11-20 10:28:23] (in reply to 2721886):
@763667 Removing loose products, we've reduced overall packaging used on food by 27%. 2/3

[Turn 3 | TESCO | @Tesco | 2017-11-20 10:28:44] (in reply to 2721886):
@763667 The percentage of different materials we use on our own brand packaging are:
•48% plastic
•25% glass
•19% paper/board
•8% metal

Hope this helps. - Rocsi 3/3

[Turn 4 | CUSTOMER | @763667 | 2017-11-20 10:37:22] (in reply to 2721887):
@Tesco It does, thank you but how about removing all the little plastic bags offered for loose fruit &amp; veg? Replace with paper if need be.",general_feedback_and_chitchat,do_not_escalate,none,,"Plastic packaging policy question, answered publicly"
135,2763792,5,771.3,Clean; Branching,"[Turn 0 | CUSTOMER | @773107 | 2017-11-20 23:07:54] (root):
@Tesco delivery still hasn’t turned up an hour after it was scheduled too 😡😡 don’t know what that message about delivering at 00:00 is either https://t.co/zE1fIkEMSW

[Turn 1 | TESCO | @Tesco | 2017-11-21 08:07:33] (in reply to 2763792):
@773107 Hi Laura, I'm really sorry you didn't receive your delivery last night and for any disappointment or inconvenience caused. I'd feel equally as unimpressed myself. I'll certainly chase this up for you. 1/2

[Turn 2 | TESCO | @Tesco | 2017-11-21 08:08:46] (in reply to 2763792):
@773107 I'd need a few details if that's OK? Can you send me your postcode, address, full name if different to Twitter, email address and order number please? Kind regards - Ross 2/2

[Turn 3 | CUSTOMER | @773107 | 2017-11-21 08:11:08] (in reply to 2763790):
@Tesco Thanks for replying, my delivery turned up in the end at 11.30pm

[Turn 4 | TESCO | @Tesco | 2017-11-21 11:59:12] (in reply to 2763791):
@773107 Hey Laura, I'm really sorry about the delay, please let me know if you would still like your complaint logged. TY - Chris",delivery_and_orders,escalate,requires_pii_or_dm,Late delivery,
136,2830215,5,881.5,Clean; Branching,"[Turn 0 | CUSTOMER | @788124 | 2017-11-27 08:14:49] (root):
@Tesco great service at Tesco marina Swansea she wouldn’t serve me one sausage untill she put out all her stuff literally had to watch her put everything out before I could have one sausage lol https://t.co/Dv5o6mWFpZ

[Turn 1 | TESCO | @Tesco | 2017-11-27 12:40:36] (in reply to 2830215):
@788124 Hey, did you request permission from my colleague regarding taking a photo and posting it online? I would kindly ask that this is removed! I will pass on your feedback to the store. TY - Leighton

[Turn 2 | CUSTOMER | @788124 | 2017-11-27 19:00:53] (in reply to 2830213):
@Tesco That’s your concern not how@I was spoken to I wouldn’t have had a issue with waiting just how she spoke to me and now this is your response

[Turn 3 | TESCO | @Tesco | 2017-11-27 22:56:17] (in reply to 2830214):
@788124 Hi there. I'm sorry about this, I can certainly inform the store about the way you were spoken to by my colleague. To allow me to do so can you DM roughly what time you visited the store? 1/2

[Turn 4 | TESCO | @Tesco | 2017-11-27 22:56:19] (in reply to 2830214):
@788124 However, I'm afraid my colleague who initially messaged you is correct. Posting pictures of someone without their permission is quite serious, so can you please take the picture down? Thank you. - Alisha 2/2",store_experience_and_staff,escalate,requires_pii_or_dm,Store: Marina Swansea; complaint about staff tone,Also involves dispute over posting photo of staff without permission
137,2926817,5,979.2,Clean; Branching,"[Turn 0 | CUSTOMER | @578338 | 2017-11-28 19:41:54] (root):
@Tesco any plans on sorting your website out? It’s practically unusable now.

[Turn 1 | TESCO | @Tesco | 2017-11-29 04:21:09] (in reply to 2926817):
@578338 Hi there, is there anything in particular you're having issues with on our website? - Emma

[Turn 2 | CUSTOMER | @578338 | 2017-11-29 07:01:47] (in reply to 2926815):
@Tesco It’s incredibly slow, often unresponsive and generally a lot less user friendly than the old one.

[Turn 3 | TESCO | @Tesco | 2017-11-29 12:00:34] (in reply to 2926816):
@578338 Hi there I’m sorry to hear that our websitehas caused so much frustration for you. We are aware of the impact this is having on our customers as we have suffered from several issues since the last update. 1/3

[Turn 4 | TESCO | @Tesco | 2017-11-29 12:01:06] (in reply to 2926816):
@578338 Please rest assured we are collecting all feedback about this ans working hard to put this right as soon as possible. Please can you let me know your name, address, &amp; email address so we can pass your feedback on to our IT team - Mike 2/2",website_and_app_technical,escalate,technical_support,Website slow/unresponsive since update,
138,40606,5,1162.3,Clean; Cross-Brand (@aldiuk); Branching,"[Turn 0 | CUSTOMER | @124913 | 2017-10-31 20:02:37] (root):
@Tesco Mixed Nuts packaging and product description state that Brazil Nuts are included. Last 4 bags purchased contained NONE. #nutrage https://t.co/XaEr6ohfHk

[Turn 1 | TESCO | @Tesco | 2017-10-31 21:44:40] (in reply to 40606):
@124913 The packaging has been updated to correctly reflect the contents, and that the new packaging will be in stores soon. - Nick

[Turn 2 | TESCO | @Tesco | 2017-10-31 21:44:40] (in reply to 40606):
@124913 Hi Julie, we have made some changes to our nut ranges, this includes a lack of Brazil nuts. 1/2

[Turn 3 | CUSTOMER | @124913 | 2017-11-01 09:19:04] (in reply to 40606):
@Tesco Hmmm not even a sorry. Change the packaging before you change the product. @AldiUK do you sell mixed nuts? #doingthebigshopsomewherenew

[Turn 4 | TESCO | @Tesco | 2017-11-01 15:24:56] (in reply to 40605):
@124913 Hi Julie. I'm sorry for the inconvenience this has caused you, and the packaging has now been updated. - Alisha.",product_quality_and_safety,do_not_escalate,none,Mixed nuts packaging description mismatch (Brazil nuts),
139,453497,5,113.4,Clean; Branching,"[Turn 0 | CUSTOMER | @222605 | 2017-11-30 20:48:01] (root):
@Tesco virtually no jam in my jam doughnut! Rubbish &amp; very disappointing! https://t.co/Gk44ZAfC7u

[Turn 1 | TESCO | @Tesco | 2017-11-30 21:39:09] (in reply to 453497):
@222605 Hi Carrie, I am sorry to see there isn't much jam in your doughnut! Can you please DM a pic of the barcode/date area on the packaging along with the store purchased from and price paid so I can get this reported with the bakery? 1/2

[Turn 2 | TESCO | @Tesco | 2017-11-30 21:39:30] (in reply to 453497):
@222605 Can you also provide your full name, address and email so I can arrange a refund via a Tesco Moneycard? Thanks - Tyler 2/2

[Turn 3 | CUSTOMER | @222605 | 2017-11-30 21:46:37] (in reply to 453496):
@Tesco Thank you. I don't need a refund I just need others not to experience the same disappointment! A doughnut experience is to be enjoyed!!! Out of a bag of 5 all were equally missing jam filling!
544 valley rd. Notts NG5 1JJ https://t.co/DRAHpQSWgR

[Turn 4 | TESCO | @Tesco | 2017-11-30 22:41:27] (in reply to 453495):
@222605 Hi Carrie. Sorry to be a bother, but could you delete your last message as it was a public post? I've added a link below for DM, could you provide your full name and address that way? Thanks - Chris. https://t.co/py5Z991Bme",product_quality_and_safety,escalate,refund_or_compensation,Jam doughnut missing filling,"Customer initially declined refund, then posted address publicly by mistake"
140,540442,5,166.6,Clean,"[Turn 0 | CUSTOMER | @148146 | 2017-12-02 13:32:59] (root):
@Tesco will you also do this? 
Every little helps you know :) https://t.co/YEAgFLvdjW

[Turn 1 | TESCO | @Tesco | 2017-12-02 15:06:09] (in reply to 540442):
@148146 Hi Julia, Community Food Connection is the name of our store surplus donations programme. An up-to-date total of how many meals each store has donated can be found on this Google map -https://t.co/nn5DBgMCQL Thanks - Ian

[Turn 2 | CUSTOMER | @148146 | 2017-12-02 15:51:23] (in reply to 540440):
@Tesco I am happy to hear you'll also be donating your surplus food on Christmas Eve
It IS the season of goodwill :)

[Turn 3 | TESCO | @Tesco | 2017-12-02 16:17:54] (in reply to 540441):
@148146 Hi Julia :) If you need anything else at all, or have any further questions don't be afraid to get in touch. Take care and enjoy the rest of your weekend! Kind Regards - Rob

[Turn 4 | CUSTOMER | @148146 | 2017-12-02 16:19:33] (in reply to 540443):
@Tesco Thank you Rob, I wouldn't mind a pony but I am thinking that's not on the list?
Have a good weekend too!  :)",general_feedback_and_chitchat,do_not_escalate,none,,
141,675410,5,52.5,Clean; Branching,"[Turn 0 | CUSTOMER | @281082 | 2017-11-23 10:04:59] (root):
@Tesco will you be restocking the Light Up Spider-Man Costume?

[Turn 1 | TESCO | @Tesco | 2017-11-23 10:37:34] (in reply to 675410):
@281082 Hi Stacie, we're unable to see new deliveries online however both in store only usually have a certain amount supplied to us. I can certainly look if there is delivery information for our stores. 1/2

[Turn 2 | TESCO | @Tesco | 2017-11-23 10:37:45] (in reply to 675410):
@281082 Please could you confirm if this is the correct product? https://t.co/kUNyZjH29K What size are you looking for. What store do you normally use?  - Allyn 2/2

[Turn 3 | CUSTOMER | @281082 | 2017-11-23 10:52:34] (in reply to 675409):
@Tesco Yep that’s the one! I was looking for a size 3-4 and I usually use York. I looked online but you were out of stock on there.

[Turn 4 | TESCO | @Tesco | 2017-11-23 10:57:30] (in reply to 675408):
@281082 Thanks. I've had a look and our stores are only stocking the 5-6 and 7-8 as this is the stock we have left available. Charlotte",stock_and_availability,do_not_escalate,none,Store: York; Spider-Man costume size availability,
142,730119,5,753.5,Clean; Branching,"[Turn 0 | CUSTOMER | @294884 | 2017-10-10 20:51:55] (root):
@Tesco just got Tesco pay+. Will I still need to enter my credit card pin after scanning the barcod from the app?

[Turn 1 | TESCO | @Tesco | 2017-10-11 09:13:05] (in reply to 730119):
@294884 Hi Andrew. No, you just scan the App at the checkout to pay and collect Clubcard points. Thanks - Alan.

[Turn 2 | CUSTOMER | @294884 | 2017-10-11 09:21:11] (in reply to 730118):
@Tesco Thank you. Why has pay+ charged £2 to my credit card when all I’ve done is sign up?

[Turn 3 | TESCO | @Tesco | 2017-10-11 09:25:25] (in reply to 730116):
@294884 Hi Andrew. When you add a card we need to check it’s genuine by pre-authorising £2 – we don’t actually take any money from your account. 1/2

[Turn 4 | TESCO | @Tesco | 2017-10-11 09:25:27] (in reply to 730116):
@294884 Depending on your issuer, the £2 may show up briefly on your transaction history and then disappear. Thanks - Alan. 2/2",pricing_promotions_and_vouchers,do_not_escalate,none,Tesco Pay+ £2 card pre-authorisation,
143,796035,5,78.9,Clean; Branching,"[Turn 0 | CUSTOMER | @309806 | 2017-10-12 13:14:35] (root):
@Tesco I want to keep shopping at Tesco so why are you so reluctant to let us buy from you?

[Turn 1 | TESCO | @Tesco | 2017-10-12 13:21:03] (in reply to 796035):
@309806 Hi there, I am sorry for the issues you have had. Could you please DM your full name, address &amp; postcode so I can look into this? TY - Dani

[Turn 2 | CUSTOMER | @309806 | 2017-10-12 13:38:03] (in reply to 796035):
@Tesco Thank you, but I don't want you to sort mine, but to sort the home delivery service which is widely known to be falling apart. Ask others.

[Turn 3 | TESCO | @Tesco | 2017-10-12 14:33:24] (in reply to 796033):
@309806 Hi there, for us to sort this we require some details, can you reply with the information previously requested. 1/2

[Turn 4 | TESCO | @Tesco | 2017-10-12 14:33:27] (in reply to 796033):
@309806 We are keen to log all feedback to ensure technical issues are fixed, look forward to hearing back from you. TY - Chris 2/2",delivery_and_orders,escalate,requires_pii_or_dm,Home delivery service quality complaint,
144,805840,5,8.4,Clean; Branching,"[Turn 0 | CUSTOMER | @312038 | 2017-10-12 17:23:09] (root):
@Tesco @147556 — what happened the bottom of my flat mate #aerobubble? Where’s the bottom 🤔 https://t.co/gQ2R6yulwc

[Turn 1 | TESCO | @Tesco | 2017-10-12 17:30:53] (in reply to 805840):
@312038 Hi Cyntra , I'm so sorry that your Areo's bottom us missing! I understand your disappointment as I'd feel the same way. 1/4

[Turn 2 | TESCO | @Tesco | 2017-10-12 17:31:03] (in reply to 805840):
@312038 I'd like to refund you &amp; get your comments fed back to our suppliers. Where did you buy it? 2/4

[Turn 3 | TESCO | @Tesco | 2017-10-12 17:31:16] (in reply to 805840):
@312038 Could you please DM the price, your full name, address &amp; postcode so that I'm able to do this? 3/4

[Turn 4 | TESCO | @Tesco | 2017-10-12 17:31:31] (in reply to 805840):
@312038 I'll need pics of the barcode/time stamp on the pack &amp; if you're okay with us passing your details to our supplier too. TY - George 4/4",product_quality_and_safety,escalate,refund_or_compensation,Aero bar missing portion; refund offered,
145,850238,5,543.9,Clean; Branching,"[Turn 0 | CUSTOMER | @322002 | 2017-10-20 12:39:04] (root):
Hi @Tesco I really really wanted to buy my little one a dairy free advent...but cannot get past the wrong spelling of calendar! #badapproval https://t.co/iSs0TFhGal

[Turn 1 | TESCO | @Tesco | 2017-10-20 15:02:42] (in reply to 850238):
@322002 Hi Charlotte, I understand your disappointment with the miss spelling. We are aware of these and they are currently being taken away 1/3

[Turn 2 | TESCO | @Tesco | 2017-10-20 15:02:43] (in reply to 850238):
@322002 I'm positive we will get more gluten free calendars in stock that have the right spelling. Can you confirm which store these are in? 2/3

[Turn 3 | TESCO | @Tesco | 2017-10-20 15:02:46] (in reply to 850238):
@322002 Thank you for your concerns - Brooke 3/3

[Turn 4 | CUSTOMER | @322002 | 2017-10-20 21:42:55] (in reply to 850236):
@Tesco Hi, I'm glad! Seen them in two this week - cheltenham and bishops cleeve",product_quality_and_safety,do_not_escalate,none,Advent calendar spelling error,
146,94042,5,2.1,Clean; Branching,"[Turn 0 | CUSTOMER | @136393 | 2017-11-30 15:28:23] (root):
@Tesco so I bit into a pebble which was in your chicken chow mien noodle pot and chipped my tooth thanks xxx💙 https://t.co/txqZiw30bh

[Turn 1 | TESCO | @Tesco | 2017-11-30 15:29:59] (in reply to 94042):
@136393 Hi there, I'm so sorry that you've found this in your noodles &amp; I can certainly appreciate your concerns. 1/4

[Turn 2 | TESCO | @Tesco | 2017-11-30 15:30:09] (in reply to 94042):
@136393 Please can you return to any of our Metro, Extra or Superstores with the foreign body, packaging &amp; receipt? 2/4

[Turn 3 | TESCO | @Tesco | 2017-11-30 15:30:18] (in reply to 94042):
@136393 We can then issue you with a full refund &amp; send this off to our suppliers to be fully investigated. 3/4

[Turn 4 | TESCO | @Tesco | 2017-11-30 15:30:29] (in reply to 94042):
@136393 Please can you also confirm you full name, address and email address via DM? I'd like to log this from our end. - Aisha 4/4",product_quality_and_safety,escalate,product_safety_investigation,"Pebble in noodle pot, chipped tooth",
147,951118,5,123.3,Clean; Branching,"[Turn 0 | CUSTOMER | @137087 | 2017-10-21 17:58:17] (root):
Not happy with the dog toy I got from #Tesco @Tesco, only had it a few hours and broken already

[Turn 1 | TESCO | @Tesco | 2017-10-21 19:34:08] (in reply to 951118):
@137087 Hi Vicki, I'm sorry your dog's toy lasted such a short time and I can understand your frustration. Can you please DM me some details? 1/4

[Turn 2 | TESCO | @Tesco | 2017-10-21 20:01:28] (in reply to 951118):
@137087 I'd like to log your complaint on our system, send you a refund and alert our supplier to the problem. 2/4

[Turn 3 | TESCO | @Tesco | 2017-10-21 20:01:30] (in reply to 951118):
@137087 I'll need your name, address,  email, the store you bought it from, how much you paid and a picture of the barcode from the packaging. 3/4

[Turn 4 | TESCO | @Tesco | 2017-10-21 20:01:33] (in reply to 951118):
@137087 Finally, are you happy for your personal information to be sent to our supplier when they're notified about this? Thanks - Dafydd 4/4 https://t.co/py5Z991Bme",product_quality_and_safety,escalate,refund_or_compensation,Dog toy broke quickly; refund offered,
148,974019,5,968.5,Clean; Branching,"[Turn 0 | CUSTOMER | @350985 | 2017-10-21 18:21:03] (root):
@Tesco pretty disappointed with this, look at the state of the underside of my rump steak! A solid layer of fat, yum! 😡#thebutcherwasshut https://t.co/QXNyHAmJq9

[Turn 1 | TESCO | @Tesco | 2017-10-22 03:21:14] (in reply to 974019):
@350985 Sorry Ollie, can you DM me your full name, address and the store you purchased this from? 1/2

[Turn 2 | TESCO | @Tesco | 2017-10-22 03:21:16] (in reply to 974019):
@350985 Also can we send your details on to the supplier? I'll refund you via a Tesco Moneycard :) - Mart 2/2

[Turn 3 | CUSTOMER | @350985 | 2017-10-22 05:55:22] (in reply to 974017):
@Tesco Hi, have DMd you, thanks. No problem with sending details to supplier

[Turn 4 | TESCO | @Tesco | 2017-10-22 10:29:32] (in reply to 974018):
@350985 Thank you Ollie, I've replied to your DM with a resolution. You know where we are if there's anything else you need - Leah",product_quality_and_safety,escalate,refund_or_compensation,Rump steak excess fat; Moneycard offered,
149,115368,6,819.6,Clean,"[Turn 0 | CUSTOMER | @141640 | 2017-11-23 20:00:15] (root):
Hey @Tesco I was just choosing a delivery slot when my shopping was deleted with a msg no longer available???

[Turn 1 | TESCO | @Tesco | 2017-11-23 21:32:04] (in reply to 115368):
@141640 Hello Sarah, I am sorry your shopping went from your basket, can you please sign out, delete the cache and cookies and try again? TY - Chris

[Turn 2 | CUSTOMER | @141640 | 2017-11-23 21:34:02] (in reply to 115366):
@Tesco Tried that, the website is now saying it’s not available?

[Turn 3 | TESCO | @Tesco | 2017-11-24 03:32:44] (in reply to 115367):
@141640 Hi Sarah, thank you for getting back to me, can you please try an alternative device or browser? TY - Chris

[Turn 4 | CUSTOMER | @141640 | 2017-11-24 09:18:02] (in reply to 115369):
@Tesco I used another device and was great until I logged in to proceed with the order. Can someone help please trying to order Xmas pressie. TY

[Turn 5 | TESCO | @Tesco | 2017-11-24 09:39:49] (in reply to 115370):
@141640 Hi Sarah. Please DM your full name, address and email so I may look into this for you. Please also send me a screenshot of what you're seeing. - Helena https://t.co/py5Z991Bme",website_and_app_technical,escalate,technical_support,Basket contents deleted / checkout availability error,
150,1169045,6,32.9,Clean,"[Turn 0 | CUSTOMER | @379792 | 2017-10-24 19:11:32] (root):
As if we're watching #GBBO with home made cakes brought back the Lake District... #livingthedream 🍰🍰🍰

[Turn 1 | TESCO | @Tesco | 2017-10-24 19:13:14] (in reply to 1169045):
@379792 Living the dream indeed Jayne 🙌 What cakes are they?

[Turn 2 | CUSTOMER | @379792 | 2017-10-24 19:14:46] (in reply to 1169043):
@Tesco Brownies and millionaire caramel brownies 😊

[Turn 3 | TESCO | @Tesco | 2017-10-24 19:17:36] (in reply to 1169044):
@379792 Amazing choice 👌 Ever made them yourself? 🙊

[Turn 4 | CUSTOMER | @379792 | 2017-10-24 19:40:03] (in reply to 1169046):
@Tesco Yes... but these taste better 👍😊

[Turn 5 | TESCO | @Tesco | 2017-10-24 19:44:27] (in reply to 1169047):
@379792 Can't beat homemade though! Is there a recipe you'd love to try, but never got around to? 😇",general_feedback_and_chitchat,do_not_escalate,none,,
151,1430704,6,3595.1,Clean,"[Turn 0 | CUSTOMER | @406630 | 2017-10-30 19:49:51] (root):
Not the erm... best bananas here @Tesco... https://t.co/M80HIoAwIe

[Turn 1 | TESCO | @Tesco | 2017-10-30 21:44:30] (in reply to 1430704):
@406630 Hi Jonathon, I'm sorry for the quality of the bananas. Can you confirm which store this was so I can look into this? TY - Reece

[Turn 2 | CUSTOMER | @406630 | 2017-10-30 21:45:05] (in reply to 1430703):
@Tesco Outside Russell Square tube in London - there were a lot like that 😐

[Turn 3 | TESCO | @Tesco | 2017-10-31 08:06:45] (in reply to 1430702):
@406630 Hi Jonathon, Russell Square will have better bananas for you today. They are getting a fresh delivery this morning. Ian

[Turn 4 | CUSTOMER | @406630 | 2017-11-02 07:43:43] (in reply to 1430701):
@Tesco You sure Ian? Not so much last night. What’s with your bananas splitting open?! https://t.co/EwdQ1B9J5P

[Turn 5 | TESCO | @Tesco | 2017-11-02 07:44:57] (in reply to 1430700):
@406630 Hi Jonathon, please let one of my colleagues in the store know. Many thanks - Laura",product_quality_and_safety,do_not_escalate,none,Near Russell Square store; poor quality bananas,
152,1847521,6,150.5,Clean; Branching,"[Turn 0 | CUSTOMER | @553310 | 2017-10-19 17:58:39] (root):
Hey @Tesco what time is your photo counter open in Dundee Riverside open on a Sunday?

[Turn 1 | TESCO | @Tesco | 2017-10-19 19:42:45] (in reply to 1847521):
@553310 Hi Elizabeth, sorry for the delay, I've tried contacting the store but I haven't been able to get through. 1/2

[Turn 2 | TESCO | @Tesco | 2017-10-19 19:42:55] (in reply to 1847521):
@553310 Would you like me to keep trying and let you know once I get through to them? Ty - Marian 2/2

[Turn 3 | CUSTOMER | @553310 | 2017-10-19 19:43:34] (in reply to 1847520):
@Tesco Yes please. If you could get the Saturday hours too that would be great thanks

[Turn 4 | TESCO | @Tesco | 2017-10-19 20:26:39] (in reply to 1847519):
@553310 Thank you for your patience. The photo shops open from 9 am til 6 on Saturday. On Sunday it's open from 10 am to 4 pm. Thanks - Marian.

[Turn 5 | CUSTOMER | @553310 | 2017-10-19 20:29:11] (in reply to 1847517):
@Tesco Thank you Marian. I really appreciate you doing that for me",store_experience_and_staff,do_not_escalate,none,Store: Dundee Riverside; photo counter opening hours,
153,2562711,6,158.7,Clean,"[Turn 0 | CUSTOMER | @727245 | 2017-11-16 17:40:28] (root):
@Tesco  I seem to have changed sex since ordering my Clubcard at the weekend ? 😬 https://t.co/8me21ZXnql

[Turn 1 | TESCO | @Tesco | 2017-11-16 18:08:01] (in reply to 2562711):
@727245 Hi Helen. I'm sorry to see this! If you could DM your full name, address and Clubcard number, I'll be more than happy to update your details and send out another card. Thanks - Chris https://t.co/py5Z991Bme

[Turn 2 | CUSTOMER | @727245 | 2017-11-16 18:10:46] (in reply to 2562709):
@Tesco Thanks message sent

[Turn 3 | TESCO | @Tesco | 2017-11-16 19:20:19] (in reply to 2562710):
@727245 Hi Helen. I've updated your title on your card and sent you another replacement. It will have the correct details this time. You can keep using that card in the meantime though if you like and all the points will be shared. Thanks - Cameron

[Turn 4 | CUSTOMER | @727245 | 2017-11-16 19:20:50] (in reply to 2562712):
@Tesco Thank you for your help

[Turn 5 | TESCO | @Tesco | 2017-11-16 20:19:10] (in reply to 2562713):
@727245 No problem Helen, if there's anything else we can help with please let us know :) - Matthew",clubcard_and_loyalty,escalate,requires_pii_or_dm,Clubcard title/gender error on account,
154,2772056,6,289.0,Clean; Branching; Multi-Customer,"[Turn 0 | CUSTOMER | @774850 | 2017-11-21 12:27:24] (root):
Well, @Tesco what are you thinking? Stacking shelves 5 shelves high....yes 5! Barring a 7ft poll jumper there is not a person in the country who can reach that. I need help to get some things off the 4th shelf let alone 5th. Sense over profit, please.

[Turn 1 | CUSTOMER | @776971 | 2017-11-21 12:35:46] (in reply to 2772056):
@774850 @Tesco It looks a bit like Italian system....
I need help when I go to shopping!!!
They don't understand..... 😁😁

[Turn 2 | TESCO | @Tesco | 2017-11-21 13:56:29] (in reply to 2772056):
@774850 Hi there, can you tell me which store this was? I can get this fed back to the store manager. Ty - Brian

[Turn 3 | CUSTOMER | @774850 | 2017-11-21 15:18:19] (in reply to 2772054):
@Tesco Hi Brian, I did report it to the Customer Services in the store who were very helpful. The store was Fakenham. Thank you.

[Turn 4 | CUSTOMER | @774850 | 2017-11-21 15:21:15] (in reply to 2772058):
@776971 @Tesco I feel your pain, Raffy xx

[Turn 5 | TESCO | @Tesco | 2017-11-21 17:16:22] (in reply to 2782210):
@774850 Hi there, can you confirm what the store Customer Service did when you reported this? I'd like to get your feedback logged for review. To do this can you DM me your full name, address and email address? Ty - Reece",store_experience_and_staff,escalate,requires_pii_or_dm,Store: Fakenham; shelf height accessibility complaint,
155,812956,6,66.4,Clean; Branching; Multi-Customer,"[Turn 0 | CUSTOMER | @313716 | 2017-11-25 09:31:38] (root):
@Tesco not a great way to start the day, the very few trolleys you have in Pengam cardiff all take the old £1

I haven’t seen one of those for months. https://t.co/Wu6vqAP2jN

[Turn 1 | TESCO | @Tesco | 2017-11-25 09:50:00] (in reply to 812956):
@313716 Hi Andrew, I'm very sorry about this. I have just spoken to the Duty Manager in the store and he has told me that they are waiting for a new delivery of trollies and also to get the ones they have to be update. 1/2

[Turn 2 | TESCO | @Tesco | 2017-11-25 09:50:02] (in reply to 812956):
@313716 Hopefully this delivery and update of old trollies will arrive in the store very soon. Is there anything else I can help you with today? Thanks, Calum 2/2

[Turn 3 | CUSTOMER | @313716 | 2017-11-25 10:28:22] (in reply to 812954):
@Tesco That’s great just tell him to send someone into the carpark to bring all the others back in and everything should be fine.

[Turn 4 | TESCO | @Tesco | 2017-11-25 10:35:05] (in reply to 812955):
@313716 This has now been fed back. Enjoy the rest of your weekend. - Rocsi

[Turn 5 | CUSTOMER | @313717 | 2017-11-25 10:38:03] (in reply to 812957):
@Tesco I have an Anytime Delivery plan&amp;got an email about Xmas deliveries. Apparently I should be able to book up to 23rd Dec right now. It only lets me go to Dec 15th though. I never ever get same day option either. Please help.",store_experience_and_staff,do_not_escalate,none,Store: Pengam Cardiff; trolley coin mechanism,Second customer raises separate Christmas delivery slot booking issue
156,875370,6,5566.5,Clean; Branching,"[Turn 0 | CUSTOMER | @327835 | 2017-10-20 16:13:45] (root):
@Tesco I was very disappointed to see the gluten free Pizza Express pizzas are not included in the half price offer! Any comment to make?

[Turn 1 | TESCO | @Tesco | 2017-10-20 18:24:24] (in reply to 875370):
@327835 Hi Rhiannon, I am going to look into this for you, and get back to you as soon as I can. In the meantime I'd like to log this for you. 1/2

[Turn 2 | TESCO | @Tesco | 2017-10-20 18:24:27] (in reply to 875370):
@327835 Can you DM us your full name, postcode &amp; address and email please? Thanks - Josh 2/2 https://t.co/py5Z991Bme

[Turn 3 | TESCO | @Tesco | 2017-10-24 12:59:24] (in reply to 875370):
@327835 Thanks for your patience Rhiannon. The GF pizza wasn't in the offer as we're unable to support the volume required to run the promotions 1/3

[Turn 4 | TESCO | @Tesco | 2017-10-24 12:59:46] (in reply to 875370):
@327835 We wouldn't want to disappoint customers by not having reliable amount of stock available. Though we highly appreciate your interest :) 2/3

[Turn 5 | TESCO | @Tesco | 2017-10-24 13:00:17] (in reply to 875370):
@327835 We're liaising with supplier to see what options are available so we can run an offer whilst being able to support the volume in future! 3/3",pricing_promotions_and_vouchers,escalate,requires_pii_or_dm,GF pizza excluded from half-price offer,
157,955747,6,4222.2,Clean; Branching; Multi-Customer,"[Turn 0 | CUSTOMER | @346763 | 2017-10-21 17:32:45] (root):
When your @tesco order arrives 30 mins late &amp; absolutely covered in someone else’s fabric conditioner ☹️ #expectationslowered

[Turn 1 | CUSTOMER | @346764 | 2017-10-21 17:39:42] (in reply to 955747):
@346763 @Tesco Hope they do the decent thing &amp; get you an uncontaminated delivery ASAP

[Turn 2 | CUSTOMER | @346763 | 2017-10-21 18:05:06] (in reply to 955746):
@346764 @Tesco We shall see - I can still taste it! It was everywhere!  Wasn’t even our conditioner! 🙄

[Turn 3 | TESCO | @Tesco | 2017-10-21 21:44:26] (in reply to 955744):
@346763 Oh dear, sorry about that. Did the delivery driver sort it out for you? Did he say what would happen? 1/2

[Turn 4 | TESCO | @Tesco | 2017-10-21 21:44:38] (in reply to 955744):
@346763 If not can you DM me with your full name, address and order number please? 2/2 https://t.co/py5Z991Bme

[Turn 5 | CUSTOMER | @346763 | 2017-10-24 15:55:00] (in reply to 955742):
@Tesco I was giving them the 24 hours to respond but it’s been 3 days so I’ll forward you the complaint. Thanks",delivery_and_orders,do_not_escalate,none,"Delivery order contaminated with fabric conditioner, late",
158,1120983,7,9957.1,Clean; Multi-Customer,"[Turn 0 | CUSTOMER | @384449 | 2017-10-17 11:47:57] (root):
Over summer my bank card was stolen in @Tesco in Firswood. It was stolen by one of their employees &amp; he spent £300, everything I had....

[Turn 1 | CUSTOMER | @384448 | 2017-10-18 19:21:33] (in reply to 1120983):
@384449 @Tesco Hi @Tesco what's the store policy on Debit/credit cards left behind (stolen) by customers? Do you destroy them? @384449 @120938

[Turn 2 | TESCO | @Tesco | 2017-10-18 20:20:51] (in reply to 1120982):
@384448 Hi Chloe, we destroy lost cards if we have them any longer than 72 hours. I hope this helps. TY - Reece

[Turn 3 | CUSTOMER | @384449 | 2017-10-23 21:14:01] (in reply to 1120981):
@Tesco @384448 Well your employee didn't. He spent £300 of my money instead. Didn't even get disciplined about it.

[Turn 4 | CUSTOMER | @384448 | 2017-10-23 22:17:11] (in reply to 1120980):
@384449 @Tesco Hi Reece can U pass this on to Ops Manager for the area? &amp; update  @384449 Not acceptable from @Tesco broken store policy &amp; 'theft'. 🐍

[Turn 5 | TESCO | @Tesco | 2017-10-24 06:24:23] (in reply to 1120979):
@384448 Thanks for your concern Choel, we'll discuss this directly with Skyliner -Christie

[Turn 6 | CUSTOMER | @384448 | 2017-10-24 09:45:04] (in reply to 1120977):
@Tesco Yes @tesco TY as I use this store very concerned shocked 😳 over lack of action from MRG. Hope @384449 it's sorted for you.",store_experience_and_staff,escalate,formal_complaint,Store: Firswood; alleged staff theft of customer funds,
159,1246907,7,199.2,Clean; Branching; Multi-Customer,"[Turn 0 | CUSTOMER | @412540 | 2017-10-25 21:54:39] (root):
Love getting a mouldy pepper @Tesco :)) https://t.co/nFz4nQUxDy

[Turn 1 | CUSTOMER | @412541 | 2017-10-25 21:57:59] (in reply to 1246907):
@412540 @Tesco You are a true 58 year old woman 😂

[Turn 2 | CUSTOMER | @412540 | 2017-10-25 22:00:59] (in reply to 1246906):
@412541 @Tesco Imagine my Twitter when I actually am 58😂

[Turn 3 | TESCO | @Tesco | 2017-10-26 01:11:17] (in reply to 1246901):
@412540 @412541 I can certainly understand your disappointment. I'd like to make a log of this on our system for review and also arrange a full refund. 1/4

[Turn 4 | TESCO | @Tesco | 2017-10-26 01:12:20] (in reply to 1246901):
@412540 @412541 Can you DM us your full name, address, price paid, barcode and the expiry date on the packaging? 2/4

[Turn 5 | TESCO | @Tesco | 2017-10-26 01:12:46] (in reply to 1246901):
@412540 @412541 We'll also need the supplier code, which begins with SC and can be found by the dated area. 3/4

[Turn 6 | TESCO | @Tesco | 2017-10-26 01:13:50] (in reply to 1246901):
@412540 @412541 Can you also confirm if you would be happy for us to pass your details on to the suppliers? Kind regards - Rhys 4/4",product_quality_and_safety,escalate,refund_or_compensation,Mouldy pepper; refund offered,
160,1295208,7,72.2,Clean; Branching,"[Turn 0 | CUSTOMER | @422784 | 2017-10-27 20:01:11] (root):
@Tesco This monstrosity ruined my evening. If I could trip advise you, it'd be 1 star. https://t.co/anPgpdWcnK

[Turn 1 | TESCO | @Tesco | 2017-10-27 20:54:45] (in reply to 1295208):
@422784 Hi Martyn, seems like this strawberry has seen better days. Sorry about this. I'd like to log this internally and refund you 1/4

[Turn 2 | TESCO | @Tesco | 2017-10-27 20:54:47] (in reply to 1295208):
@422784 Could you DM me your name, address, email address as well as the date, supplier, and barcode on the packaging? 2/4

[Turn 3 | TESCO | @Tesco | 2017-10-27 20:54:49] (in reply to 1295208):
@422784 Also could you take a photo of the bottom of your receipt (showing all the numbers) too? 3/4

[Turn 4 | TESCO | @Tesco | 2017-10-27 20:54:51] (in reply to 1295208):
@422784 Lastly, would it be okay to pass your details on to our supplier in case they wish to contact you? TY - Peter 4/4

[Turn 5 | CUSTOMER | @422784 | 2017-10-27 20:59:11] (in reply to 1295206):
@Tesco Sorry, the tears of disappointment destroyed the receipt. Thanks for the refund offer but you can't put a price on a ruined evening.

[Turn 6 | TESCO | @Tesco | 2017-10-27 21:13:21] (in reply to 1295207):
@422784 Understood Martyn, I only hope your weekend is an improvement on this evening. Thanks - Dafydd",product_quality_and_safety,escalate,refund_or_compensation,Mouldy strawberries; refund offered,
161,1316611,7,1132.5,Clean; Branching,"[Turn 0 | CUSTOMER | @427549 | 2017-10-26 21:02:03] (root):
@Tesco when staff discount is at 20% off, can I use this to get 20% off online shopping too? I don’t shop in store cos anxious lol

[Turn 1 | TESCO | @Tesco | 2017-10-27 07:58:32] (in reply to 1316611):
@427549 Hi there, Yes you can use your 20% discount online as well. Remember it has now finished :( Hope this helps :-) TY - Brian

[Turn 2 | CUSTOMER | @427549 | 2017-10-27 12:20:52] (in reply to 1316609):
@Tesco When are they normally on? The double discounts I mean

[Turn 3 | TESCO | @Tesco | 2017-10-27 14:33:37] (in reply to 1316610):
@427549 The double discount this year was from the 20th - 26th of October. 1/2

[Turn 4 | TESCO | @Tesco | 2017-10-27 14:33:39] (in reply to 1316610):
@427549 If you DM us your full name, address and postcode we can do a Q&amp;A and get back to you on when the next one is. - Jay 2/2

[Turn 5 | CUSTOMER | @427549 | 2017-10-27 14:40:16] (in reply to 1316612):
@Tesco How many usually are there per year?

[Turn 6 | TESCO | @Tesco | 2017-10-27 15:54:35] (in reply to 1316614):
@427549 Hi there, unfortunately we don't know how often these are. If you keep an eye on the colleague website you'll find out! - Josh",general_feedback_and_chitchat,do_not_escalate,none,Staff discount online usage question,
162,1742132,7,778.9,Clean; Branching,"[Turn 0 | CUSTOMER | @423212 | 2017-10-17 18:50:49] (root):
Bit harsh that @Tesco put 9 brownies in a pack - missus and I are clearly gonna argue over that last one!

[Turn 1 | TESCO | @Tesco | 2017-10-17 20:12:21] (in reply to 1742132):
@423212 May the odds be ever in your favour, Chris...I'd like to make a log of your feedback on our system for future review. 1/2

[Turn 2 | TESCO | @Tesco | 2017-10-17 20:12:23] (in reply to 1742132):
@423212 Can you DM us your full name, address, barcode and the store that they were purchased from? Kind regards - Rhys 2/2

[Turn 3 | CUSTOMER | @423212 | 2017-10-17 20:15:39] (in reply to 1742130):
@Tesco There was only supposed to be 9, so it’s all good, ha! Ps, I got the last one. Cheers!

[Turn 4 | TESCO | @Tesco | 2017-10-17 22:03:55] (in reply to 1742131):
@423212 Hi Chris, I'm glad to hear the Brownie War has been won :) Can you confirm the barcode? I'll get this logged. Kind regards - Rhys

[Turn 5 | CUSTOMER | @423212 | 2017-10-18 07:45:44] (in reply to 1742133):
@Tesco Sorry, went in the bin I’m afraid!

[Turn 6 | TESCO | @Tesco | 2017-10-18 07:49:44] (in reply to 1742134):
@423212 I understand Chris, I'm glad to hear you enjoyed them none the less! :) - Lara.",general_feedback_and_chitchat,escalate,requires_pii_or_dm,9 brownies in pack (playful complaint),
163,1752266,7,68.2,Clean; Branching,"[Turn 0 | CUSTOMER | @473450 | 2017-10-17 20:16:15] (root):
@Tesco Oh Tesco why are the peaches I bought yesterday gooey and mouldy already? Well-in the sell by date and apparently to ripen in bowl?😓 https://t.co/yUb8mFNiO2

[Turn 1 | TESCO | @Tesco | 2017-10-17 21:24:14] (in reply to 1752266):
@473450 Hi Jo, I am sorry that the peaches got gooey and mouldy before sell by date. 1/6

[Turn 2 | TESCO | @Tesco | 2017-10-17 21:24:21] (in reply to 1752266):
@473450 I know how frustrating it should have been as I like fruit too. 2/6

[Turn 3 | TESCO | @Tesco | 2017-10-17 21:24:23] (in reply to 1752266):
@473450 I will log your feedback on to our internal systems for review and arrange a refund. 3/6

[Turn 4 | TESCO | @Tesco | 2017-10-17 21:24:26] (in reply to 1752266):
@473450 Could you please DM us your full name, address, e-mail, store location, time of visit, product barcode and supplier code? 4/6

[Turn 5 | TESCO | @Tesco | 2017-10-17 21:24:28] (in reply to 1752266):
@473450 Do we have your permission to pass your details over to our supplier as they may wish to contact you? 5/6

[Turn 6 | TESCO | @Tesco | 2017-10-17 21:24:30] (in reply to 1752266):
@473450 What is your preferred way to receiving a Moneycard? TY - Eve 6/6",product_quality_and_safety,escalate,refund_or_compensation,Mouldy peaches before sell-by date; refund offered,
164,1837286,7,1426.8,Clean; Branching,"[Turn 0 | CUSTOMER | @494055 | 2017-10-18 16:38:48] (root):
How does your Tesco Direct Partners work @tesco You sell their items with a mark-up and still add deliv charge to your 'valued' customers?

[Turn 1 | TESCO | @Tesco | 2017-10-18 17:36:11] (in reply to 1837286):
@494055 Hello Andrea, the price you'll find for delivery and items sold by Partners are set by the Partners themselves. I hope this helps. Ty - John

[Turn 2 | CUSTOMER | @494055 | 2017-10-19 14:23:22] (in reply to 1837284):
@Tesco No, John. Perfume bought through @Tesco £39.71 - Direct from your Partner would have been £35.05 &amp; I got to pay deliv charge of £3.95.

[Turn 3 | TESCO | @Tesco | 2017-10-19 16:25:25] (in reply to 1837285):
@494055 Hi Andrea. Our Tesco Partners use our website as a platform to sell their own products, they are not purchased from Tesco. 1/4

[Turn 4 | TESCO | @Tesco | 2017-10-19 16:25:27] (in reply to 1837285):
@494055 This means Tesco promotions do not apply to these products as they are purchased from another company. 2/4

[Turn 5 | TESCO | @Tesco | 2017-10-19 16:25:31] (in reply to 1837285):
@494055 We added Tesco Partners some time ago to give our customers a wider variety of products to choose from on our website. 3/4

[Turn 6 | TESCO | @Tesco | 2017-10-19 16:25:34] (in reply to 1837285):
@494055 You can refine your search to Tesco products to ensure Tesco promotions like our delivery saver apply. I hope this helps. Cheers - Billy 3/4",pricing_promotions_and_vouchers,do_not_escalate,none,Tesco Direct Partner pricing/markup and delivery fee dispute,
165,1942024,7,303.5,Clean; Branching; Multi-Customer,"[Turn 0 | CUSTOMER | @577490 | 2017-10-29 18:46:13] (root):
I feel I've been robbed @Tesco ... it clearly states 12 we got 11 😂😂 https://t.co/20cuS18z4r

[Turn 1 | CUSTOMER | @577491 | 2017-10-29 18:48:34] (in reply to 1942024):
@577490 @Tesco #Unbelievable

[Turn 2 | CUSTOMER | @577490 | 2017-10-29 18:52:17] (in reply to 1942023):
@577491 @Tesco #falseadvertising #robbed #devastation

[Turn 3 | TESCO | @Tesco | 2017-10-29 23:49:23] (in reply to 1942019):
@577490 I'm sorry to see there was a jaffa cake missing from you pack Lauren. I can understand how disappointing this must have been for you. 1/4 https://t.co/py5Z991Bme

[Turn 4 | TESCO | @Tesco | 2017-10-29 23:49:36] (in reply to 1942019):
@577490 I would like to issue a refund for you and pass your comments to our supplier. Can you DM some information? 2/4

[Turn 5 | TESCO | @Tesco | 2017-10-29 23:49:41] (in reply to 1942019):
@577490 Your full name, address, barcode, price paid, date code, store visited and clear copy of your receipt? 3/4

[Turn 6 | TESCO | @Tesco | 2017-10-29 23:49:43] (in reply to 1942019):
@577490 Also the supplier code(SC), would it be ok to pass your details to our supplier? TY - Jayne 4/4",product_quality_and_safety,escalate,refund_or_compensation,Missing item from multipack; refund offered,
166,2908578,7,473.7,Clean; Branching,"[Turn 0 | CUSTOMER | @805309 | 2017-11-28 20:33:34] (root):
@tesco please explain why one of your batteries just exploded in front of me and started releasing battery acid.

[Turn 1 | TESCO | @Tesco | 2017-11-28 20:57:25] (in reply to 2908578):
@805309 That's quite concerning Yasmine. Can you return the remains of the battery if it is safe to do so to the nearest Superstore, Metro or Extra? My colleagues on the Customer Service Desk will fill out a form. 1/3

[Turn 2 | CUSTOMER | @805309 | 2017-11-28 21:00:13] (in reply to 2908576):
@Tesco no it was not safe to do so as it was fizzy and spitting so its gone straight in the bin lest I get burned by acid coming out

[Turn 3 | TESCO | @Tesco | 2017-11-28 21:30:50] (in reply to 2908578):
@805309 The item will then be sent off for a full investigation. You will receive a response within 14 working days and you will be refunded at the Desk. 2/3

[Turn 4 | TESCO | @Tesco | 2017-11-28 21:30:52] (in reply to 2908578):
@805309 So I can make a reference point for the investigation, can you DM us your full name, address, e-mail address and the item barcode? Kind regards - Rhys 3/3

[Turn 5 | CUSTOMER | @805309 | 2017-11-28 21:36:10] (in reply to 2908579):
@Tesco I don't have the barcode of the product - all I have left is one battery from the same pack. I had to instantly throw the batteries away because of the leaking battery fluid

[Turn 6 | TESCO | @Tesco | 2017-11-29 04:27:15] (in reply to 2910919):
@805309 If you could let me know the details my colleague requested Yasmin, I will be happy to register your comments for you. TY - Jayne https://t.co/py5Z991Bme",product_quality_and_safety,escalate,product_safety_investigation,Battery exploded releasing acid,
167,305959,7,185.4,Clean; Branching,"[Turn 0 | CUSTOMER | @189053 | 2017-10-21 15:01:45] (root):
@Tesco (forgot to post yesterday) bought these, opened them to put in vase, and LOOK! NOT HAPPY! All went in the bin. What can you do? https://t.co/F4g38t1Hxo

[Turn 1 | TESCO | @Tesco | 2017-10-21 16:01:26] (in reply to 305959):
@189053 Hi Grace, I'm sorry to see they're such poor quality. Can you DM us? Please include your full name and address. 1/4

[Turn 2 | TESCO | @Tesco | 2017-10-21 16:02:11] (in reply to 305959):
@189053 Can you tell me which store you got them from and if you'd like a Moneycard emailed or posted to you? If email, please DM your address. 2/4

[Turn 3 | TESCO | @Tesco | 2017-10-21 16:02:15] (in reply to 305959):
@189053 We'll then be able to record this data to ensure that our suppliers are aware. We can also offer you a Tesco Moneycard. 3/4

[Turn 4 | TESCO | @Tesco | 2017-10-21 16:02:20] (in reply to 305959):
@189053 Would it be ok to pass on your information? It's unlikely, but they may like to contact you. TY - Paige 4/4 https://t.co/py5Z991Bme

[Turn 5 | CUSTOMER | @189053 | 2017-10-21 18:04:00] (in reply to 305958):
@Tesco Happy for my information to be passed on. Have DMed you the info you require. Thank you for your response.

[Turn 6 | TESCO | @Tesco | 2017-10-21 18:07:11] (in reply to 305957):
@189053 Hi there, I've just replied to your DM. - Paige",product_quality_and_safety,escalate,refund_or_compensation,Poor quality flowers; Moneycard offered,
168,77775,7,160.2,Clean; Branching,"[Turn 0 | CUSTOMER | @133336 | 2017-11-30 11:36:13] (root):
@Tesco Hi, what are you going to do about adding changing places toilets in your stores? https://t.co/HCRUO2xCI8

[Turn 1 | TESCO | @Tesco | 2017-11-30 12:00:07] (in reply to 77775):
@133336 We know how important Changing Places facilities can be to our customers who need them and wherever possible we will try and accommodate them in our stores. 1/3

[Turn 2 | CUSTOMER | @133336 | 2017-11-30 12:11:03] (in reply to 77773):
@Tesco Can you provide that campaign specifically with a statement? We signatories received an update from them that none of the named retailers have responded to them yet.

[Turn 3 | TESCO | @Tesco | 2017-11-30 12:38:39] (in reply to 77775):
@133336 Where there is space available and it is operationally possible as part of our store development programme we will look to install them. 2/3

[Turn 4 | TESCO | @Tesco | 2017-11-30 12:38:41] (in reply to 77775):
@133336 Our three facilities make us the leading supermarket in the UK for offering Changing Place facilities and we very much hope this will encourage other retailers and supermarkets across the UK to follow suit - Allyn 3/3

[Turn 5 | CUSTOMER | @133336 | 2017-11-30 12:44:18] (in reply to 77776):
@Tesco Thank you for your response Allyn, I hope you can reach out to the campaign with this information. Here is the update where they called for action on twitter to get a response from you supermarkets: https://t.co/LDnCLB6JQW

[Turn 6 | TESCO | @Tesco | 2017-11-30 14:16:26] (in reply to 79555):
@133336 Don't hesitate to get in touch again if you have any further queries. :) TY - Jaz",store_experience_and_staff,do_not_escalate,none,Changing Places toilet facilities policy question,
169,949797,7,2650.7,Clean; Branching,"[Turn 0 | CUSTOMER | @345269 | 2017-10-21 17:51:09] (root):
@Tesco bought today, label doesn't say if it can go in the washing machine though, can't remove the lights or sound pack either https://t.co/4eenpOpoi7

[Turn 1 | TESCO | @Tesco | 2017-10-21 19:59:24] (in reply to 949797):
@345269 Hi Samantha, If possible can you please send me the Barcode so I can look into this further? Thanks - Callum

[Turn 2 | CUSTOMER | @345269 | 2017-10-21 20:22:48] (in reply to 949795):
@Tesco  https://t.co/ZuREuTjtno

[Turn 3 | TESCO | @Tesco | 2017-10-22 09:15:13] (in reply to 949796):
@345269 Hi Samantha. Thanks for getting back to us. I'm going to speak to my colleague about this, I'll be in touch shortly! Thanks - Chris

[Turn 4 | TESCO | @Tesco | 2017-10-23 13:22:30] (in reply to 949796):
@345269 Hi Samantha, this jumper has been fully tested and the lights are waterproof so can confirm it can be washed at 40 degrees. 1/2

[Turn 5 | TESCO | @Tesco | 2017-10-23 13:22:39] (in reply to 949796):
@345269 The lights aren’t removable, because they can be put in to a standard washing machine.  Hope this helps. - Rocsi 2/2

[Turn 6 | CUSTOMER | @345269 | 2017-10-23 14:01:53] (in reply to 949798):
@Tesco Thanks",product_quality_and_safety,do_not_escalate,none,Light-up jumper washing instructions query,
170,1676952,8,195.1,Clean; Branching; Multi-Customer,"[Turn 0 | CUSTOMER | @510080 | 2017-10-17 12:51:18] (root):
Absolutely disgusted with my Tesco BBQ Chicken Wrap no mayo. Only two bits of chicken...

[Turn 1 | CUSTOMER | @353531 | 2017-10-17 13:08:16] (in reply to 1676952):
@510080 @Tesco I can’t say I’m surprised that they’re losing market share...

[Turn 2 | CUSTOMER | @510080 | 2017-10-17 13:12:17] (in reply to 1676951):
@353531 @Tesco Deserved imo

[Turn 3 | TESCO | @Tesco | 2017-10-17 16:06:14] (in reply to 1676946):
@510080 Hi Jim, I’m sorry the wrap was not filled very well. I can understand how upsetting this is. Can you DM me some more information please? 1/5

[Turn 4 | TESCO | @Tesco | 2017-10-17 16:06:17] (in reply to 1676946):
@510080 Your full name, address, email address, amount you paid, store you purchased from, use by date, supplier code and the barcode? 2/5

[Turn 5 | TESCO | @Tesco | 2017-10-17 16:06:19] (in reply to 1676946):
@510080 Once I have received this I will arrange a Tesco gift card to be sent out to you and also get this fed back to the suppliers.3/5

[Turn 6 | TESCO | @Tesco | 2017-10-17 16:06:22] (in reply to 1676946):
@510080 Also, could you please confirm if you’re happy for me to pass your contact details to the suppliers? 4/5

[Turn 7 | TESCO | @Tesco | 2017-10-17 16:06:25] (in reply to 1676946):
@510080 Please also let me know if you would like a moneycard via email or via post? Thanks - Donna 5/5",product_quality_and_safety,escalate,refund_or_compensation,BBQ chicken wrap underfilled; gift card offered,
171,1694003,8,296.4,Clean; Branching,"[Turn 0 | CUSTOMER | @514048 | 2017-11-06 17:15:39] (root):
@Tesco grapes bought on Saturday from Lincoln store... 🤔😔 https://t.co/fsXykycbOi

[Turn 1 | TESCO | @Tesco | 2017-11-06 18:44:03] (in reply to 1694003):
@514048 Hi there, oh no! Are they still in date? TY - George

[Turn 2 | CUSTOMER | @514048 | 2017-11-06 18:54:04] (in reply to 1694003):
@Tesco Yes George. Best before the 7th. F

[Turn 3 | TESCO | @Tesco | 2017-11-06 22:10:37] (in reply to 1694006):
@514048 Hi Faye, I'm really sorry that you found this in your grapes. I can understand your concerns. 1/4

[Turn 4 | TESCO | @Tesco | 2017-11-06 22:10:38] (in reply to 1694006):
@514048 Would you be able to return the product to the any of our Extra/Super/Metro store and they will log this for you and give you a refund. 2/4

[Turn 5 | TESCO | @Tesco | 2017-11-06 22:10:41] (in reply to 1694006):
@514048 Look forward to hearing back from you. Thanks - Mark 4/4

[Turn 6 | TESCO | @Tesco | 2017-11-06 22:10:43] (in reply to 1694006):
@514048 Can I also ask for your full name, address, a clear photo of the product barcode and the supplier code so I can log this on my end? 3/4

[Turn 7 | CUSTOMER | @514048 | 2017-11-06 22:12:02] (in reply to 1704141):
@Tesco Sure. Thanks ever so. Can I DM you my details?",product_quality_and_safety,escalate,refund_or_compensation,Store: Lincoln; mouldy grapes before best before,
172,1941762,8,1076.4,Clean; Branching,"[Turn 0 | CUSTOMER | @577428 | 2017-10-29 21:52:00] (root):
@Tesco my local Tesco express no longer has a instore bakery? Missed out of a fresh baguette today.
What’s going on? Store 4343

[Turn 1 | CUSTOMER | @577428 | 2017-10-29 23:22:22] (in reply to 1941762):
@Tesco Thanks for the fast reply @Tesco

[Turn 2 | TESCO | @Tesco | 2017-10-29 23:35:08] (in reply to 1941759):
@577428 Hey Lewis, I'll need to contact the store in the morning, I will get back to you as soon as I have any further information. Ty - James

[Turn 3 | TESCO | @Tesco | 2017-10-30 09:55:54] (in reply to 1941759):
@577428 Hi Lewis, we have made a decision to have this removed from the store. I can certainly record your feedback 1/2

[Turn 4 | TESCO | @Tesco | 2017-10-30 09:56:21] (in reply to 1941759):
@577428 I can do this anonymously or under your name and address - Allyn 2/2

[Turn 5 | CUSTOMER | @577428 | 2017-10-30 13:29:46] (in reply to 1941761):
@Tesco Is this due to waste? Surely not to low sales, my wages was spent on it! 1/2

[Turn 6 | CUSTOMER | @577428 | 2017-10-30 13:30:32] (in reply to 1941760):
@Tesco I’ll let you decide, probably best to anonymously for personal reasons. 2/2

[Turn 7 | TESCO | @Tesco | 2017-10-30 15:48:26] (in reply to 2530012):
@577428 Hi Lewis, I've now logged this on our internal systems. Thanks for your feedback - Alison",store_experience_and_staff,do_not_escalate,none,In-store bakery removed (Tesco Express),
173,1971919,8,482.3,Clean; Branching,"[Turn 0 | CUSTOMER | @483667 | 2017-11-26 06:38:02] (root):
When @Tesco pfs in maldon advertise 24hr pay at pump yet all pumps are shut off and staff say u cant use them till they open #falseadvertising

[Turn 1 | TESCO | @Tesco | 2017-11-26 10:21:59] (in reply to 1971919):
@483667 Hi Laura, the pumps should have been available to use even without staff there. I'm so sorry. Please can you confirm what date and time you were there (was it today)? I'll phone the store and find out what's going on. Many thanks - Bryan

[Turn 2 | CUSTOMER | @483667 | 2017-11-26 10:22:52] (in reply to 1971917):
@Tesco I was there about 6:30am this morning. Thank you

[Turn 3 | TESCO | @Tesco | 2017-11-26 13:27:44] (in reply to 1971918):
@483667 Hi Laura, thanks for getting back to us. I have tried to contact my colleagues at the store to query this for you with no luck reaching them. I will keep trying and get back to you as soon as I can. Ty, Andy

[Turn 4 | CUSTOMER | @483667 | 2017-11-26 13:28:21] (in reply to 1971920):
@Tesco Ty 😁

[Turn 5 | TESCO | @Tesco | 2017-11-26 14:39:02] (in reply to 1971921):
@483667 Hi Laura, I have just spoken with my colleague at the station there, and she has mentioned that the pumps were working to her knowledge, However I have passed this on to her and she will look into it further. 1/2

[Turn 6 | TESCO | @Tesco | 2017-11-26 14:39:03] (in reply to 1971921):
@483667 I would like to log your feedback on our system for future review. Can you DM me your details please? I would need your full name, full address or email, Ty, Andy 2/2 https://t.co/py5Z991Bme

[Turn 7 | CUSTOMER | @483667 | 2017-11-26 14:40:22] (in reply to 1971922):
@Tesco No problem",store_experience_and_staff,escalate,requires_pii_or_dm,Store: Maldon petrol station; 24hr pumps closed,
174,2579584,8,15958.7,Clean; Outbound-Root; Branching,"[Turn 0 | TESCO | @Tesco | 2017-11-10 15:33:33] (root):
Raise a glass to our double award-wining Tesco finest* North Row Sauvignon Blanc. It won @731192 Best Sauvignon Blanc and Gold Outstanding Award 2017! Buy it in-store or online. https://t.co/rqaEmPZ80j https://t.co/WSnw8mVqpU

[Turn 1 | CUSTOMER | @731191 | 2017-11-16 19:30:45] (in reply to 2579584):
@Tesco @731192 @Tesco hope it's better than the stale of of date crisps you sell https://t.co/SjrLvu0efg

[Turn 2 | TESCO | @Tesco | 2017-11-16 22:01:39] (in reply to 2579579):
@731191 Hi there, I'm sorry that the crisps you bought were out of date. Could you please DM me your full name, address and email? Could you please include the crisps barcode, store and price of purchase? 1/2

[Turn 3 | TESCO | @Tesco | 2017-11-16 22:04:28] (in reply to 2579579):
@731191 Finally could you please confirm if you'd prefer your Tesco Moneycard by post or by Email? TY - Paul 2/2

[Turn 4 | CUSTOMER | @731191 | 2017-11-21 14:27:05] (in reply to 2579577):
@Tesco Email

[Turn 5 | TESCO | @Tesco | 2017-11-21 16:12:35] (in reply to 2579578):
@731191 Hi Andy. I'm sorry but there is an issue with our digital Moneycard system today. We are working to fix this, but in the meantime I have sent you a Moneycard in the post. This will arrive within 10 working days. Thank you. - Alisha :)

[Turn 6 | CUSTOMER | @731191 | 2017-11-21 16:57:17] (in reply to 2579580):
@Tesco I have received my £1 thank you

[Turn 7 | TESCO | @Tesco | 2017-11-21 17:32:16] (in reply to 2579581):
@731191 Hi there, please do get back in touch with us if there are any issues with the Moneycards. TY - Eve",product_quality_and_safety,escalate,refund_or_compensation,Out of date crisps; Moneycard offered,
175,2584790,8,11349.9,Clean; Branching,"[Turn 0 | CUSTOMER | @142374 | 2017-11-09 19:52:54] (root):
@Tesco can you tell me why one half of the car park at Tesco extra kettering has no lights? It's been like this for a few weeks now and I feel very vulnerable!

[Turn 1 | TESCO | @Tesco | 2017-11-09 21:24:45] (in reply to 2584790):
@142374 I have spoken to the store and they told me that there's been a problem with them but it has been logged and they are hoping someone will be out to fix it tomorrow. - Megan 2/2

[Turn 2 | CUSTOMER | @142374 | 2017-11-16 19:45:45] (in reply to 2584789):
@Tesco Very Disappointed to see the lights are still not working this week. I'm beginning to think that this is some sort of cost cutting as they haven't been working for so long! You should be thinking of the safety of your customers!!

[Turn 3 | TESCO | @Tesco | 2017-11-16 23:50:45] (in reply to 2584785):
@142374 Hi there, I'm sorry the lights are not working. Could you please confirm if you are referring to our Kettering Extra stores car park lights? TY - Paul

[Turn 4 | CUSTOMER | @142374 | 2017-11-17 13:42:32] (in reply to 2584783):
@Tesco Yes I am. It's been like it for weeks now! I'm sure many customers must have complained! It's ridiculous that they are not on, especially in the winter.

[Turn 5 | TESCO | @Tesco | 2017-11-17 15:55:16] (in reply to 2584784):
@142374 Hi there, I've given the store another call and they would like to apologies for this they have call for these to be fixed but are still waiting on maintenance to come out. 1/2

[Turn 6 | TESCO | @Tesco | 2017-11-17 15:55:19] (in reply to 2584784):
@142374 I know this isn't the greatest as it continues to get dark very early but they will continue to chase this up. Hopefully they are fixed soon as possible. Thanks - Lee 2/2

[Turn 7 | CUSTOMER | @142374 | 2017-11-17 17:02:49] (in reply to 2584786):
@Tesco Thanks. I'll let you know when I go again after work next Thursday",store_experience_and_staff,do_not_escalate,none,Store: Kettering Extra; car park lighting safety concern,
176,32061,8,1201.6,Clean; Branching,"[Turn 0 | CUSTOMER | @123090 | 2017-10-31 16:31:28] (root):
It's official... @Tesco red peppers are lovely &amp; red but taste of nothing #TasteTest https://t.co/dK6EomZCQM

[Turn 1 | TESCO | @Tesco | 2017-10-31 18:25:49] (in reply to 32061):
@123090 Hi there, sorry about that! If you can DM over a few details, I'd be happy to pass this on to our suppliers. 1/4

[Turn 2 | TESCO | @Tesco | 2017-10-31 18:26:00] (in reply to 32061):
@123090 Can you send us your full name, postcode &amp; address and email please? We'll also need the details from the packaging if you have it. 2/4

[Turn 3 | TESCO | @Tesco | 2017-10-31 18:26:07] (in reply to 32061):
@123090 We'll need the barcode, SC code (should be on the front) and the expiry date. What store did you buy this from, and for how much? 3/4

[Turn 4 | TESCO | @Tesco | 2017-10-31 18:26:15] (in reply to 32061):
@123090 Do we have your permission to pass this on to our suppliers? Would you prefer a refund by post or email? Thanks - Josh 4/4 https://t.co/py5Z991Bme

[Turn 5 | CUSTOMER | @123090 | 2017-11-01 11:24:50] (in reply to 32059):
@Tesco Maybe pass 2 in-house quality control? &amp; support small producers w/greater focus on quality? chasing profit =mass production =poor quality

[Turn 6 | CUSTOMER | @123090 | 2017-11-01 11:25:41] (in reply to 32059):
@Tesco really not bothered about  a refund - that's not the issue

[Turn 7 | TESCO | @Tesco | 2017-11-01 12:33:02] (in reply to 32058):
@123090 Hi there, can you please provide the details my colleague has asked so we can log this for you? TY - Rian",product_quality_and_safety,escalate,requires_pii_or_dm,Red peppers lacking flavour,"Customer declined refund, wanted quality feedback logged only"
177,475231,8,2822.8,Clean,"[Turn 0 | CUSTOMER | @228095 | 2017-12-01 09:40:03] (root):
Not ideal @Tesco where there is no pavement through the car park to the other door... especially when I have a 7 week old in a pram. https://t.co/zWDxWZ4tDi

[Turn 1 | TESCO | @Tesco | 2017-12-01 10:49:32] (in reply to 475231):
@228095 I'm sorry for the inconvenience caused Katie, please can you let me know which store this is? I can't guarantee a change but I will feed this back to the Management Team for their consideration. Thanks, Leah.

[Turn 2 | CUSTOMER | @228095 | 2017-12-01 19:30:53] (in reply to 475229):
@Tesco Hi it was Earlestown x

[Turn 3 | TESCO | @Tesco | 2017-12-01 21:21:58] (in reply to 475230):
@228095 Hi Katie, thanks for getting back to us. I'm sorry to be a pain, is this the Newton-Le-Willows Superstore? TY - George

[Turn 4 | CUSTOMER | @228095 | 2017-12-02 11:01:02] (in reply to 475232):
@Tesco Yes that's the one 😊

[Turn 5 | TESCO | @Tesco | 2017-12-02 14:39:08] (in reply to 475233):
@228095 Hi Katie, I have had a word with the store and their maintenance people are looking into it. I have no definite schedule for a fix I'm afraid. Thanks - Ian

[Turn 6 | CUSTOMER | @228095 | 2017-12-02 22:12:23] (in reply to 475234):
@Tesco It doesn't matter to me now, it just bothered me that I had to walk in the road with my baby in the pram because there is no path.

[Turn 7 | TESCO | @Tesco | 2017-12-03 08:42:49] (in reply to 475235):
@228095 Hi Katie. I'm sorry for any inconvenience, but if you anything else please don't hesitate to get in touch. Thanks - Chris.",store_experience_and_staff,do_not_escalate,none,Store: Newton-Le-Willows; no pavement through car park,
178,506112,8,333.8,Clean; Branching,"[Turn 0 | CUSTOMER | @236107 | 2017-12-01 19:07:15] (root):
@Tesco thanks to #tescodriffield for closing your toilets, made the night really stress free for the families out for the lights switching on. Every little helps as you say and conveniently closing your conveniences was awesome.

[Turn 1 | TESCO | @Tesco | 2017-12-01 21:00:33] (in reply to 506112):
@236107 Hi there, thank you for contacting us today. I have spoke with my colleague at the store, they have let me know that the customer toilets were in fact locked tonight.1/3

[Turn 2 | TESCO | @Tesco | 2017-12-01 21:00:35] (in reply to 506112):
@236107 The store manager made the decision to close as Children 20-30 kids at one time were coming into the store toilets and running riot. They let me know the key is available on request from the Customer Service Desk. 2/3

[Turn 3 | TESCO | @Tesco | 2017-12-01 21:00:37] (in reply to 506112):
@236107 I am sorry for any inconvenience caused. If you need anything else please let me know. Ty, Andy 3/3

[Turn 4 | CUSTOMER | @236107 | 2017-12-01 21:04:31] (in reply to 506110):
@Tesco Perhaps a key was available upon request but that information wasn't being relayed to the people being turned away. So maybe there was a key available but no customers were being made aware. Convenient convenience story!

[Turn 5 | TESCO | @Tesco | 2017-12-01 21:48:55] (in reply to 506111):
@236107 Hi there, thanks for getting back to us. Were you turned away by a colleague during your visit? Could you DM us to describe them? TY - George

[Turn 6 | CUSTOMER | @236107 | 2017-12-01 21:54:33] (in reply to 506113):
@Tesco It was the person who would normally be on the main entrance, 'security guard' I guess you might call them. There might've been youths about, maybe the were causing trouble, but I'm a father with a 5 yr who was desperate for the toilet.

[Turn 7 | TESCO | @Tesco | 2017-12-02 00:41:00] (in reply to 506114):
@236107 I'm sorry to hear this. I would like to register your comments for you. Can you DM your full name and address? TY - Jayne https://t.co/py5Z991Bme",store_experience_and_staff,escalate,requires_pii_or_dm,"Store: Driffield; toilets locked, security guard conduct",
179,632052,8,65.3,Clean,"[Turn 0 | CUSTOMER | @269808 | 2017-11-22 15:44:53] (root):
@Tesco shouldn’t that be ‘fewer’? #English #language #grammarnazi https://t.co/sJ1ymg6Oyv

[Turn 1 | TESCO | @Tesco | 2017-11-22 16:14:44] (in reply to 632052):
@269808 Hi Nick, sorry can you elaborate where you think fewer should be? I can log your feedback, back to our suppliers? Thank you - Brooke

[Turn 2 | CUSTOMER | @269808 | 2017-11-22 16:15:12] (in reply to 632051):
@Tesco ‘Fewer than 100 calories’

[Turn 3 | TESCO | @Tesco | 2017-11-22 16:21:18] (in reply to 632047):
@269808 Hi Nick, are you referring to the "" less than 100 calories per bag? If you look at the guidelines  at the bottom of the pack you will see 90 calories. This is as far as I can see on the picture you have provided. Ty, Andy

[Turn 4 | CUSTOMER | @269808 | 2017-11-22 16:27:33] (in reply to 632045):
@Tesco Yes. The issue is that 'less than 100 calories' is bad grammar, it should be 'fewer than 100 calories' as far as I know. The fact that there are 90 calories is irrelevant! https://t.co/mMqru7dxQy

[Turn 5 | TESCO | @Tesco | 2017-11-22 16:38:45] (in reply to 632046):
@269808 Hi Nick. Sorry for the confusion there. I totally agree ""less than"" is incorrect. Perhaps ""Under 100 calories"" would be another option. Can you just send me the bar code for the item? That way I can get this logged. Thanks - Cameron

[Turn 6 | CUSTOMER | @269808 | 2017-11-22 16:40:41] (in reply to 632048):
@Tesco Thanks! https://t.co/XuXITFESYi

[Turn 7 | TESCO | @Tesco | 2017-11-22 16:50:09] (in reply to 632049):
@269808 Thanks, Nick! :) Have a good evening. - Aisha",general_feedback_and_chitchat,do_not_escalate,none,Grammar feedback on packaging (fewer vs less),
180,1119447,9,429.9,Clean; Branching,"[Turn 0 | CUSTOMER | @384128 | 2017-10-15 08:05:27] (root):
You had one Job!! @Tesco 5+4=9 #short changed #plusihadtobuya10pbag https://t.co/SMFGfuM0aI

[Turn 1 | TESCO | @Tesco | 2017-10-15 11:14:37] (in reply to 1119447):
@384128 Hi Gavin, the contents of the packet will be in line with the weight that is stated on the packet. I'm sorry for any disappointment caused.

[Turn 2 | CUSTOMER | @384128 | 2017-10-15 11:20:08] (in reply to 1119446):
@Tesco Maybe you should remove the portion size!! And just say weight? Or even better make sure there's 10 rashers that weigh 300g?

[Turn 3 | TESCO | @Tesco | 2017-10-15 12:56:05] (in reply to 1119443):
@384128 Hi Gavin. I'll be more than happy to forward your complaint onto our supplier for review. Could you DM us a few details? 1/3

[Turn 4 | TESCO | @Tesco | 2017-10-15 12:56:07] (in reply to 1119443):
@384128 Could I get your; name, address, a photo of the product details (barcode and supplier code), and the store where you made the purchase? 2/3

[Turn 5 | TESCO | @Tesco | 2017-10-15 12:56:09] (in reply to 1119443):
@384128 Would it be okay for me to pass your details back to our supplier? Thanks - Chris. 3/3 https://t.co/py5Z991Bme

[Turn 6 | CUSTOMER | @384128 | 2017-10-15 12:58:08] (in reply to 1119444):
@Tesco I'm suggesting that when you look at labelling in future

[Turn 7 | CUSTOMER | @384128 | 2017-10-15 12:59:43] (in reply to 1119444):
@Tesco If it's weight that is most accurate then weigh should be display on front in large lettering and underneath ( about 10 rashers)

[Turn 8 | TESCO | @Tesco | 2017-10-15 15:15:20] (in reply to 1805503):
@384128 Hi Gavin, feedback from customers is important to us, if you provide me with your details we can log this on our system :). - Peter",pricing_promotions_and_vouchers,escalate,requires_pii_or_dm,Bacon pack rasher count/weight labelling complaint,
181,1143314,9,453.2,Clean; Branching,"[Turn 0 | CUSTOMER | @389097 | 2017-10-15 11:32:20] (root):
@Tesco when ru planning to enforce fines in parent &amp; child spaces &amp; u need an age limit as I’ve just seen a parent &amp; teenager in one!

[Turn 1 | TESCO | @Tesco | 2017-10-15 13:22:44] (in reply to 1143314):
@389097 Hi Lucy, can you give me a little more info on the store you visited so I can have this looked into and fed back? - Adan

[Turn 2 | CUSTOMER | @389097 | 2017-10-15 15:14:35] (in reply to 1143312):
@Tesco Bar hill store. In other stores there are signs saying for under 5’s! It’s ridiculous the amount of times I see parents and teenagers 1/2

[Turn 3 | CUSTOMER | @389097 | 2017-10-15 15:15:06] (in reply to 1143312):
@Tesco I thought Tesco were supposed to be enforcing fines now?? 2/2

[Turn 4 | TESCO | @Tesco | 2017-10-15 16:23:39] (in reply to 1143308):
@389097 Hi Lucy, we enforce fines in certain stores, hopefully it'll be introduced in more stores in the future. 1/2

[Turn 5 | TESCO | @Tesco | 2017-10-15 16:23:42] (in reply to 1143308):
@389097 I've also contacted the duty manager and made him aware of your complaint. Hope this gives you some peace of mind :). 2/2

[Turn 6 | CUSTOMER | @389097 | 2017-10-15 16:48:32] (in reply to 1143306):
@Tesco Thank you. Hopefully the fines will roll out across all stores soon. I also think they parked there to protect daddy’s smart new BMW!

[Turn 7 | TESCO | @Tesco | 2017-10-15 19:05:30] (in reply to 1143307):
@389097 Hi Lucy, I would agree that is something that should be implemented across the board and hopefully its something that is done soon. 1/2

[Turn 8 | TESCO | @Tesco | 2017-10-15 19:05:33] (in reply to 1143307):
@389097 Thanks again for getting in contact about this issue and if there is anything else I can help you with please get back in touch. Thanks -Lee",store_experience_and_staff,do_not_escalate,none,Store: Bar Hill; parent & child parking enforcement,
182,166559,9,1416.3,Clean; Branching,"[Turn 0 | CUSTOMER | @154688 | 2017-11-24 19:57:52] (root):
@Tesco once again you are selling wrapping paper that no amount of tape will stick to. I have had the same prolem last year. Please tell me i will be able to get a refund? https://t.co/jUM6ecJTQZ

[Turn 1 | TESCO | @Tesco | 2017-11-24 20:37:50] (in reply to 166559):
@154688 Hi Cat, sorry that sellotape isn't sticking to the wrapping paper you purchased from us. As if wrapping presents wasn't frustrating enough! I'd like to log this feedback internally and refund you via Moneycard. 1/2

[Turn 2 | TESCO | @Tesco | 2017-11-24 20:37:52] (in reply to 166559):
@154688 Could you DM me your name, address/email address as well as the barcode on the product packaging along with a picture of your receipt? (showing the numbers at the bottom). Thanks - Peter 2/2

[Turn 3 | CUSTOMER | @154688 | 2017-11-24 20:40:27] (in reply to 166563):
@Tesco I brought 3 rolls, do you require all 3 barcodes?

[Turn 4 | TESCO | @Tesco | 2017-11-24 21:05:30] (in reply to 166564):
@154688 Hi Cat, I'd only need all 3 barcodes if they're 3 different kinds of wrapping paper :). - Peter

[Turn 5 | CUSTOMER | @154688 | 2017-11-25 17:51:17] (in reply to 166557):
@Tesco Information has been Sent over in a PM- thank you

[Turn 6 | TESCO | @Tesco | 2017-11-25 18:42:05] (in reply to 166558):
@154688 Hi Catherine, sorry to be a pain but can you confirm whether you'd prefer your refund through the post or by email? Ty - Reece

[Turn 7 | CUSTOMER | @154688 | 2017-11-25 18:42:47] (in reply to 166560):
@Tesco Email please

[Turn 8 | TESCO | @Tesco | 2017-11-25 19:34:12] (in reply to 166561):
@154688 Hi Catherine, I've now replied to your DM. Ty - Reece",product_quality_and_safety,escalate,refund_or_compensation,Wrapping paper defect; Moneycard offered,
183,1934366,9,1745.2,Clean; Branching,"[Turn 0 | CUSTOMER | @575569 | 2017-10-28 17:15:40] (root):
Just got home from our @Tesco shop and found this in our apples 🤦‍♂️ #badapple

[Turn 1 | TESCO | @Tesco | 2017-10-29 03:38:56] (in reply to 1934366):
@575569 Hi Kevin, thanks for getting in touch, please could you elaborate on what was found in your apples? I am unable to see anything. TY- Hannah.

[Turn 2 | CUSTOMER | @575569 | 2017-10-29 07:59:36] (in reply to 1934364):
@Tesco What was found was a rotten Apple. Couldn't really get a better picture as it was leaking every where 😂

[Turn 3 | CUSTOMER | @575569 | 2017-10-29 08:00:09] (in reply to 1934365):
@Tesco  https://t.co/1qgOYdR7dL

[Turn 4 | TESCO | @Tesco | 2017-10-29 12:47:28] (in reply to 1934367):
@575569 I'll also need products bar code and date are along with them previous details, so I can get this issue logged here internally. 2/3

[Turn 5 | TESCO | @Tesco | 2017-10-29 12:47:28] (in reply to 1934367):
@575569 Hi there Kevin, so sorry to see that you have a bad apple. Can you DM me your full name &amp; address, the store and purchase price.1/3

[Turn 6 | TESCO | @Tesco | 2017-10-29 12:47:31] (in reply to 1934367):
@575569 With your permission I would be able to pass this back onto our supplier too. Thanks, James. 3/3

[Turn 7 | CUSTOMER | @575569 | 2017-10-29 17:40:45] (in reply to 1934370):
@Tesco Should be with you now. Many thanks

[Turn 8 | TESCO | @Tesco | 2017-10-29 22:20:52] (in reply to 1934371):
@575569 I have responded to your DM Kevin. TY - Jayne",product_quality_and_safety,escalate,refund_or_compensation,Rotten apple; refund process,
184,1956356,9,365.9,Clean; Branching,"[Turn 0 | CUSTOMER | @580594 | 2017-10-30 15:16:56] (root):
@Tesco wtf is this I've just merked out of my orange? Good thing I had the knife. https://t.co/NoWFYWgxoC

[Turn 1 | TESCO | @Tesco | 2017-10-30 17:17:44] (in reply to 1956356):
@580594 Hi there, I'm really sorry that you found this in your orange. I can understand your concerns. 1/4

[Turn 2 | TESCO | @Tesco | 2017-10-30 17:17:46] (in reply to 1956356):
@580594 Would you be able to return the product to the any of our Extra/Super/Metro store and they will log this for you and give you a refund. 2/4

[Turn 3 | TESCO | @Tesco | 2017-10-30 17:17:48] (in reply to 1956356):
@580594 Can I also ask for your full name, address, a clear photo of the product barcode and the supplier code so I can log this on my end. 3/4

[Turn 4 | TESCO | @Tesco | 2017-10-30 17:17:50] (in reply to 1956356):
@580594 Look forward to hearing back from you. Thanks - Mark 4/4

[Turn 5 | CUSTOMER | @580594 | 2017-10-30 19:01:55] (in reply to 1956358):
@Tesco Sorry, I feared some form of Alien alternate timeline and purged it with a welder at work.

[Turn 6 | CUSTOMER | @580594 | 2017-10-30 19:02:22] (in reply to 1956358):
@Tesco The black stuff may have looked like off spinach but there were little pods. Not taking chances.

[Turn 7 | CUSTOMER | @580594 | 2017-10-30 19:02:44] (in reply to 1956354):
@Tesco I can send this though

[Turn 8 | TESCO | @Tesco | 2017-10-30 21:22:48] (in reply to 1956355):
@580594 Hi there, If you can return to one of our stores mentioned previously, they can have it investigated further, Ty, Andy",product_quality_and_safety,escalate,product_safety_investigation,Foreign object found in orange,
185,1999399,9,48048.0,Clean; Branching,"[Turn 0 | CUSTOMER | @591185 | 2017-09-30 14:16:24] (root):
@Tesco The SNES Mini Classic console I ordered online arrived yesterday, thanks! But why is it £79.99 when @146184 is selling it £69.99?

[Turn 1 | TESCO | @Tesco | 2017-09-30 17:35:14] (in reply to 1999399):
@591185 Hi Christine! Sorry to hear there's a price difference here. We regularly check pricing so we can match or beat competitive pricing. 1/2

[Turn 2 | CUSTOMER | @591185 | 2017-09-30 17:43:43] (in reply to 1999397):
@Tesco Thanks, if the price does go down will the refund be automatic or do I need to contact you in a particular way?

[Turn 3 | TESCO | @Tesco | 2017-10-01 01:56:44] (in reply to 1999398):
@591185 With pre-orders the prices is refunded automatically :) - Mart

[Turn 4 | CUSTOMER | @591185 | 2017-11-02 20:30:48] (in reply to 1999400):
@Tesco Hi, if serious about price matching, a goodwill offer of credit/voucher would be nice 😊. Your price still £79.99 while @146184 is £69.99

[Turn 5 | TESCO | @Tesco | 2017-11-02 21:16:19] (in reply to 1999401):
@591185 Hi Christine, we don't price match. The refund would be if the item we sold dropped price by us after you had purchased it. - Ceri

[Turn 6 | CUSTOMER | @591185 | 2017-11-02 21:22:11] (in reply to 1999402):
@Tesco Reply on 30/09/17 in this thread from you seems to say otherwise, “match or beat competitive pricing”. A gesture would be nice, that’s all.

[Turn 7 | TESCO | @Tesco | 2017-11-02 23:04:22] (in reply to 1999403):
@591185 Hi, I'm sorry that this has been misinterpreted. While we check prices of competitors, we don't price match with other companies. 1/2

[Turn 8 | TESCO | @Tesco | 2017-11-02 23:04:23] (in reply to 1999403):
@591185 When we check there prices we would try to beat or match our competitors when we can. We have no price matching policy. TY - Andy  2/2",pricing_promotions_and_vouchers,do_not_escalate,none,"Price match dispute vs competitor, SNES console",
186,691333,9,3316.2,Clean; Branching,"[Turn 0 | CUSTOMER | @285195 | 2017-10-22 11:11:03] (root):
@Tesco how on earth do I remove these currently unavailable items from my basket? Won’t let me do anything with them 🤔 https://t.co/QyGQj2GTGK

[Turn 1 | TESCO | @Tesco | 2017-10-22 21:16:48] (in reply to 691333):
@285195 Sorry for the late reply Vici. Were you able to remove them from the basket? - Danny

[Turn 2 | CUSTOMER | @285195 | 2017-10-24 16:21:52] (in reply to 691331):
@Tesco Nope, they’re still there 🤷🏻‍♀️. Tried swiping across them, nothing. Tried holding down on them, nothing. Just tapping, nothing. https://t.co/2nUF9RP5hv

[Turn 3 | TESCO | @Tesco | 2017-10-24 17:24:12] (in reply to 691332):
@285195 Hey Vici, this is strange, can I ask what device you are using? have you tried checking out with them in your basket? 1/2

[Turn 4 | TESCO | @Tesco | 2017-10-24 17:24:16] (in reply to 691332):
@285195 Can I ask you to log out, clear your cache &amp; cookies, log back in and try again? let me know if this helps. TY - Chris

[Turn 5 | CUSTOMER | @285195 | 2017-10-24 17:28:14] (in reply to 691334):
@Tesco iPhone 5s, latest iOS. Logging out and back in again hasn’t worked. Not tried checking out yet as not finished lol.

[Turn 6 | TESCO | @Tesco | 2017-10-24 18:27:12] (in reply to 691336):
@285195 Hey Vici, so it seems to me like there may be a glitch and I am wondering if they will disappear when you check out. 1/3

[Turn 7 | TESCO | @Tesco | 2017-10-24 18:27:14] (in reply to 691336):
@285195 Can you give this a try? You can still go back in and amend your order afterwards, the system should remove these when you checkout. 2/3

[Turn 8 | TESCO | @Tesco | 2017-10-24 18:27:17] (in reply to 691336):
@285195 If you would rather wait until your ready to checkout then give me a shout then and I can look at the order at my end. TY - Chris",website_and_app_technical,do_not_escalate,none,Unable to remove unavailable items from basket,
187,1406754,10,774.4,Clean; Branching,"[Turn 0 | CUSTOMER | @446978 | 2017-10-28 17:46:38] (root):
@Tesco you shouldnt allow your staff to wear fancy dress if they can't take a joke - never expect to be sworn at by a member of your staff!

[Turn 1 | TESCO | @Tesco | 2017-10-28 18:50:03] (in reply to 1406754):
@446978 Hi Erin, I'm sorry to hear there's been an incident with a colleague in store, it's very concerning to learn. Can you please elaborate? 1/2

[Turn 2 | CUSTOMER | @446978 | 2017-10-28 18:54:26] (in reply to 1406755):
@Tesco You had a colleague with fake cuts on her face. A joke was made to be careful shaving, she took offence &amp; told us we shouldn't take the piss

[Turn 3 | TESCO | @Tesco | 2017-10-28 18:55:02] (in reply to 1406754):
@446978 Which store was this? What happened? Do you have a name or description of the colleague? Ty - Clare 2/2

[Turn 4 | CUSTOMER | @446978 | 2017-10-28 18:59:40] (in reply to 1406755):
@Tesco TowerPark Poole Store. Didn't notice her name but Till 19 at 5.31pm

[Turn 5 | CUSTOMER | @446978 | 2017-10-28 19:02:01] (in reply to 1406755):
@Tesco We apologised &amp; said it was a joke but were just told because we were older than her we shouldn't of taken the piss.

[Turn 6 | CUSTOMER | @446978 | 2017-10-28 19:02:53] (in reply to 1406755):
@Tesco Not sure what our age had to do with it and didn't appreciate being spoken to the way she did!

[Turn 7 | TESCO | @Tesco | 2017-10-28 19:29:43] (in reply to 1932334):
@446978 Hi Erin, I called the store to pass this on, I was told it had already been reported to management, can you confirm you reported this? -Nick

[Turn 8 | CUSTOMER | @446978 | 2017-10-28 19:31:32] (in reply to 1932335):
@Tesco We spoke to someone at the kiosk, we didn't speak to management personally -
Glad to here it was passed on.

[Turn 9 | TESCO | @Tesco | 2017-10-29 06:40:59] (in reply to 1932336):
@446978 Please be assured the Store Management Team are personally aware, Erin, and are grateful for your feedback :) Thanks for your time! - Mat",store_experience_and_staff,escalate,formal_complaint,Store: TowerPark Poole; colleague conduct dispute,
188,1458228,10,90.1,Clean; Branching,"[Turn 0 | CUSTOMER | @173271 | 2017-11-02 19:00:11] (root):
When you and the @tesco SM advisor have a sweet tooth.. https://t.co/3HJg6F22R2

[Turn 1 | TESCO | @Tesco | 2017-11-02 19:39:52] (in reply to 1458228):
@173271 Hi Jasmine, thanks for the shout. I'm really sorry but neither of these stores stock this product or any ready made cookie dough. 1/5

[Turn 2 | TESCO | @Tesco | 2017-11-02 19:39:55] (in reply to 1458228):
@173271 I would really like to help further so I have quickly looked up recipes for cookie dough through google.2/5

[Turn 3 | TESCO | @Tesco | 2017-11-02 19:39:57] (in reply to 1458228):
@173271 There are a few nice sounding ones but unfortunately I'm unable to provide any external links on here. 3/5

[Turn 4 | TESCO | @Tesco | 2017-11-02 19:40:00] (in reply to 1458228):
@173271 Was just a suggestion anyway. I hope that you manage to get your fix. 4/5

[Turn 5 | TESCO | @Tesco | 2017-11-02 19:40:04] (in reply to 1458228):
@173271 I can see some midnight baking happening at the Andy household this evening :) Have a wonderful night. TY - Andy S 5/5

[Turn 6 | CUSTOMER | @173271 | 2017-11-02 19:42:29] (in reply to 1458227):
@Tesco I know how to make it, I just couldn’t be bothered haha convenience is my middle name

[Turn 7 | TESCO | @Tesco | 2017-11-02 19:46:13] (in reply to 1458226):
@173271 I'm sorry we were not able to help you on this occasion. Happy baking though :) Jayne

[Turn 8 | CUSTOMER | @173271 | 2017-11-02 19:59:32] (in reply to 1458225):
@Tesco Found some 🎉🎉🎉 https://t.co/J3iDPsqbBU

[Turn 9 | TESCO | @Tesco | 2017-11-02 20:30:16] (in reply to 1458224):
@173271 wooo :) I'm so happy you got some! I hope you enjoy it - Megan",stock_and_availability,do_not_escalate,none,Cookie dough product availability query,
189,443366,10,306.9,Clean; Branching,"[Turn 0 | CUSTOMER | @220053 | 2017-11-22 08:11:49] (root):
,@Tesco hello. I want to buy organic fruit and veg that isn't packaged in single use non-recyclable plastic that's polluting our planet. Why do I have to choose between the two? Either pollute my body or the planet? I'm cross. Please sort this problem out forthwith.

[Turn 1 | TESCO | @Tesco | 2017-11-22 09:28:03] (in reply to 443366):
@220053 HI, I am sorry that you are unable to buy organic fruit and veg without packaging. Packaging is vital to protect food and reduce food waste. 1/3

[Turn 2 | TESCO | @Tesco | 2017-11-22 09:28:07] (in reply to 443366):
@220053 We have worked hard to ensure that the materials we use are the right materials to protect the food we sell. Since 2007 we've reduced packaging by 37% on loose and packaged food. 2/3

[Turn 3 | TESCO | @Tesco | 2017-11-22 09:28:10] (in reply to 443366):
@220053 I would like to log your feedback, to do this can you DM us your name and address inc postcode? Many thanks – Amanda 3/3

[Turn 4 | CUSTOMER | @220053 | 2017-11-22 11:26:54] (in reply to 443368):
@Tesco Thank you for your reply Amanda ☺. If that's the case why is it okay to not protect non-organic fruit and veg? I.E for it not to be wrapped in plastic.

[Turn 5 | CUSTOMER | @220053 | 2017-11-22 11:29:28] (in reply to 443367):
@Tesco It's good that you're working to reduce packaging, but it's not yet enough. Tesco hold so much clout that you could force suppliers to reduce packaging, or switch to compostible options.

[Turn 6 | CUSTOMER | @220053 | 2017-11-22 11:30:57] (in reply to 443368):
@Tesco Like a politician you really have avoided the original question here. Why can't I buy organic fruit and veg that is loose, without packaging?

[Turn 7 | TESCO | @Tesco | 2017-11-22 11:55:35] (in reply to 443372):
@220053 Hi, as my colleague mentioned, the packaging is to prolong a products life, to help prevent food waste. However, I've passed your feedback on for internal review and hopefully, we'll have a suitable resolution for this concern soon. Andrea

[Turn 8 | CUSTOMER | @220053 | 2017-11-22 13:16:13] (in reply to 443373):
@Tesco Thank you Andrea - but if that were the case then you wouldn't be selling loose non-organic fruit and veg. I don't need an insufficient answer repeated at me thank you, I read it the first time. Poor show Tesco.

[Turn 9 | TESCO | @Tesco | 2017-11-22 13:18:40] (in reply to 443374):
@220053 We have logged your feedback and desire to see organic fruit and vegetables available with different or no packaging. Whilst we can't guarantee it will result in the change you wish to see, it may go some way in helping. Thanks - Paige",general_feedback_and_chitchat,escalate,requires_pii_or_dm,Organic produce plastic packaging concern,
190,120342,11,2278.7,Clean; Branching,"[Turn 0 | CUSTOMER | @142722 | 2017-11-22 09:03:33] (root):
@Tesco cannot believe it went to buy 2 sofas, tried me to checkout gave an error message, went back in an low and behold the price had increased by £100, don't trust them

[Turn 1 | TESCO | @Tesco | 2017-11-22 11:52:57] (in reply to 120342):
@142722 Hi Colin, I really do apologise about this I can appreciate how annoying this must have been for you, if the Sofa's have been in your basket for a few days this is why it showed the lower price and then went up when trying to reorder Sheryl

[Turn 2 | CUSTOMER | @142722 | 2017-11-22 13:03:36] (in reply to 120341):
@Tesco No i had just clicked the link, I can't believe you have the audacity to increase the price by £100 and then say you were getting 60% off, it's nothing but daylight robbery, I am going to ombudsman.

[Turn 3 | TESCO | @Tesco | 2017-11-22 13:39:38] (in reply to 120340):
@142722 Hi Colin, you are always ensure the prices on our website are up to date. Please ensure you refresh the page or clear you browser's cache &amp; cookies. This way, old prices shouldn't come up in the results. Thanks - Luciano

[Turn 4 | CUSTOMER | @142722 | 2017-11-22 15:20:02] (in reply to 120339):
@Tesco Again your not listening, not old cookies, set up new account today and you did this, thankyou for all the standard excuses. You don't care about customers, just profits.

[Turn 5 | TESCO | @Tesco | 2017-11-22 16:21:55] (in reply to 120338):
@142722 Hi Colin, please can you confirm the catalogue number for the item that you were looking to purchase? I'll ask my colleagues to provide a price history for the item. - Phil.

[Turn 6 | CUSTOMER | @142722 | 2017-11-22 17:21:14] (in reply to 120336):
@Tesco  https://t.co/B18btJ6Hk7

[Turn 7 | CUSTOMER | @142722 | 2017-11-22 17:22:06] (in reply to 120336):
@Tesco That was the item when I went to checkout the price increased by £100

[Turn 8 | TESCO | @Tesco | 2017-11-22 18:12:26] (in reply to 120333):
@142722 Hi Colin, thanks for sending us the photo. I've forwarded this onto our support team to ask for the price history and we'll be back in touch shortly to advise. Best wishes. Mike

[Turn 9 | TESCO | @Tesco | 2017-11-23 23:02:12] (in reply to 120333):
@142722 Hi Colin, thanks for your patience. I've asked the partner for a pricing history and there doesn't seem to be a price increase of £100. 1/2

[Turn 10 | TESCO | @Tesco | 2017-11-23 23:02:15] (in reply to 120333):
@142722 It may be an issue with the cache &amp; cookies on your browser. If there's anything else that I can assist with then please get back in touch. Many thanks - Andy S 2/2",website_and_app_technical,do_not_escalate,none,Tesco Direct sofa price increase at checkout,
191,1558186,12,2438.9,Clean; Branching,"[Turn 0 | CUSTOMER | @479643 | 2017-11-04 07:43:28] (root):
I have DM you, but no one is responding.. the delivery is now almost 12 hours late. 10 hungry kids, 8 angry adults. Holiday compromised! https://t.co/zgPayO9T0x

[Turn 1 | CUSTOMER | @479643 | 2017-11-04 07:51:30] (in reply to 1558186):
Is anybody from @Tesco awake yet? We are- we’re all hungry.... @123088 https://t.co/sYLIcQvn2t

[Turn 2 | CUSTOMER | @479643 | 2017-11-04 08:02:03] (in reply to 1558185):
@Tesco @123088 So finally we get an offer of a full refund... but we’re still here in the middle of nowhere with no food! This is ridiculous!

[Turn 3 | TESCO | @Tesco | 2017-11-04 08:35:21] (in reply to 1558184):
@479643 Hello James, I'm sorry you didn't receive your grocery order. Please DM your name, address and email. I'll find out what happened. - Nat

[Turn 4 | CUSTOMER | @479643 | 2017-11-04 09:18:25] (in reply to 1558183):
@Tesco I’ve DM’ed you twice now.. still no good! Apparently the order has now been cancelled &amp; the next available slot is 9pm tonight! Thks @Tesco

[Turn 5 | TESCO | @Tesco | 2017-11-04 12:57:16] (in reply to 1558177):
@479643 Hi James, I can see that you are dealing with one of my colleagues via DM and he is awaiting your response. Thanks - Craig

[Turn 6 | CUSTOMER | @479643 | 2017-11-04 13:16:00] (in reply to 1558175):
@Tesco Not true Craig. Your colleague told me he’s happy with the situation and isn’t prepared to do any more to resolve. Very disappointing

[Turn 7 | TESCO | @Tesco | 2017-11-05 00:33:57] (in reply to 1558176):
@479643 I can see that my colleague has advised you of what has happened. If you need anything else then let me know. - Mart

[Turn 8 | CUSTOMER | @479643 | 2017-11-05 16:13:58] (in reply to 1558178):
@Tesco Thanks Mart, I would like to find a solution to the frustration and stress caused by the non-delivery of our groceries. Can you help?

[Turn 9 | TESCO | @Tesco | 2017-11-05 23:43:32] (in reply to 1558179):
@479643 Hi James, thank you for getting back to us, I can see that my colleague issued a £35.00 refund on the 03.11.2017 1/3

[Turn 10 | TESCO | @Tesco | 2017-11-05 23:43:37] (in reply to 1558179):
@479643 This will be in your bank account within 3-5 working days. We've also logged this issue for review by our Dotcom team. 2/3

[Turn 11 | TESCO | @Tesco | 2017-11-06 00:22:24] (in reply to 1558179):
@479643 If there is anything else I can help you with, please let me know. Kindest regards- Hannah. 3/3",delivery_and_orders,escalate,refund_or_compensation,Grocery delivery ~12 hours late; refund issued,
192,778366,12,876.4,Clean; Branching,"[Turn 0 | CUSTOMER | @151615 | 2017-10-11 21:40:35] (root):
How weird, @Tesco chocolate gateau shrinks quite drastically 😱

[Turn 1 | TESCO | @Tesco | 2017-10-11 21:48:18] (in reply to 778366):
@151615 Hi Shane, I'm sorry to read this. Could you elaborate in a DM so we can assist further? Best wishes. Mike https://t.co/py5Z991Bme

[Turn 2 | CUSTOMER | @151615 | 2017-10-11 21:51:10] (in reply to 778365):
@Tesco Hi Mike, I have sent you a DM. Best wishes, Shane

[Turn 3 | TESCO | @Tesco | 2017-10-12 00:57:15] (in reply to 778364):
@151615 Hi Shane. I've responded to your DM :) Kind regards - Rhys

[Turn 4 | CUSTOMER | @151615 | 2017-10-12 01:04:07] (in reply to 778363):
@Tesco Hi Rhys, I have replied to your DM :) Kind regards, Shane

[Turn 5 | TESCO | @Tesco | 2017-10-12 04:19:55] (in reply to 778357):
@151615 Hi Shane, can you confirm which one you bought? https://t.co/6CvjwDMmBt Which store was it bought from? Kind regards - Rhys

[Turn 6 | CUSTOMER | @151615 | 2017-10-12 11:01:48] (in reply to 778355):
@Tesco Hi, this is the product https://t.co/mCLr1X2ufg and I bought it from Sentinal Square branch. Thanks

[Turn 7 | TESCO | @Tesco | 2017-10-12 11:57:29] (in reply to 778356):
@151615 Hi Shane, I've now logged your feedback on our system and this will be sent for internal review. 1/3

[Turn 8 | TESCO | @Tesco | 2017-10-12 11:57:40] (in reply to 778356):
@151615 The relevant team will take this into full consideration. Thanks for taking the time to contact us and informing us with your feedback. 2/3

[Turn 9 | TESCO | @Tesco | 2017-10-12 11:57:45] (in reply to 778356):
@151615 If there is anything else I can help with, please let me know :) Many thanks - Olivia 3/3

[Turn 10 | CUSTOMER | @151615 | 2017-10-12 12:01:57] (in reply to 778358):
@Tesco Thank you very much. Have a lovely rest of your shift and take care

[Turn 11 | TESCO | @Tesco | 2017-10-12 12:16:57] (in reply to 778361):
@151615 Thanks Shane :) I hope you have a lovely day also. TY - Olivia",product_quality_and_safety,escalate,requires_pii_or_dm,Chocolate gateau shrinkage complaint,
193,1137085,13,3251.9,Clean; Branching,"[Turn 0 | CUSTOMER | @387862 | 2017-10-31 10:42:48] (root):
@Tesco now I am using the bag for life as a bin liner I'm just wondering how long they take to decompose compared to an old 5p bag?

[Turn 1 | TESCO | @Tesco | 2017-10-31 12:57:46] (in reply to 1137085):
@387862 Hi John, I will query this for you and contact you back as soon as we have an update - Allyn

[Turn 2 | TESCO | @Tesco | 2017-10-31 21:18:34] (in reply to 1137085):
@387862 Hi John, Any plastic that we for bags that end up in landfill will take 20 to 1000 years to decompose. 1/8

[Turn 3 | TESCO | @Tesco | 2017-10-31 21:18:37] (in reply to 1137085):
@387862 Sadly it is not possible to produce a bag for life from compostable or decomposable materials. 2/8

[Turn 4 | TESCO | @Tesco | 2017-10-31 21:18:41] (in reply to 1137085):
@387862 As the technology does not currently exist to make a truly environmentally bag that is still fit for purpose ti carry out shopping . 3/8

[Turn 5 | TESCO | @Tesco | 2017-10-31 21:18:45] (in reply to 1137085):
@387862 The intention with our Bag for Life is to encourage re-use and recycling, with a hope that minimum a minimum end up in landfills. 4/8

[Turn 6 | TESCO | @Tesco | 2017-10-31 21:22:11] (in reply to 1137085):
@387862 The bag for life is suitable for multiple shopping trips and once it reaches the end of its life customer can exchange it for a new one. 5/8

[Turn 7 | TESCO | @Tesco | 2017-10-31 21:23:07] (in reply to 1137085):
@387862 The Exchange is free of charge and then we recycle the worn out bags. 6/8

[Turn 8 | TESCO | @Tesco | 2017-10-31 21:24:46] (in reply to 1137085):
@387862 To make new bags for life and hopefully the cycle can continue with recycling bags to make new bags. 7/8

[Turn 9 | TESCO | @Tesco | 2017-10-31 21:24:48] (in reply to 1137085):
@387862 If you have any other questions please do not hesitate to get back in touch. Thanks - Callum 8/8

[Turn 10 | CUSTOMER | @387862 | 2017-10-31 21:41:03] (in reply to 1137084):
@Tesco That might be the intention but everyone I know uses them as bin liners just as they did with free bags.

[Turn 11 | TESCO | @Tesco | 2017-10-31 23:09:24] (in reply to 1137083):
@387862 Hi John, sadly that might be the case but its up to the customer if the want to recycle them after they have bought them. TY - Callum

[Turn 12 | CUSTOMER | @387862 | 2017-11-02 16:54:40] (in reply to 1137081):
@Tesco Have we established how long they take to decompose next to a flimsy 5p bag yet?",general_feedback_and_chitchat,do_not_escalate,none,Bag for Life decomposition/environmental query,
194,1532287,13,1923.1,Clean; Branching,"[Turn 0 | CUSTOMER | @475295 | 2017-11-03 17:11:48] (root):
@Tesco @62571 when do those of us on delivery saver packages get to pre book Christmas delivery slots? 
Not had any info yet about it 😖

[Turn 1 | TESCO | @Tesco | 2017-11-03 20:41:53] (in reply to 1532287):
@475295 @62571 Hi Jo, our Delivery Saver customers will be able to book their Christmas slots towards the end of November 1/3

[Turn 2 | TESCO | @Tesco | 2017-11-03 20:42:19] (in reply to 1532287):
@475295 @62571 However we'll be sending an email out to you in the next week with all the dates and information on how to pre-book your Christmas slot 2/3

[Turn 3 | TESCO | @Tesco | 2017-11-03 20:42:42] (in reply to 1532287):
@475295 @62571 Please keep your eyes peeled for the email! Kind regards - Aneurin 3/3

[Turn 4 | CUSTOMER | @475295 | 2017-11-03 21:02:40] (in reply to 1532284):
@Tesco @62571 Thank you 😁🎄⛄️🎉

[Turn 5 | CUSTOMER | @475295 | 2017-11-03 22:27:42] (in reply to 1532284):
@Tesco @62571 And after that I’ve got my email 😂🤣 
Thanks 👍🎅🎄

[Turn 6 | TESCO | @Tesco | 2017-11-03 23:22:20] (in reply to 1532286):
@475295 @62571 I'm glad you got the information required. If there is anything else, please do get back in touch. TY - Rhuari

[Turn 7 | CUSTOMER | @475295 | 2017-11-03 23:36:46] (in reply to 1532288):
@Tesco @62571 I take it the date I was given means it occurs at midnight at the start of that date

[Turn 8 | TESCO | @Tesco | 2017-11-04 02:27:36] (in reply to 1532289):
@475295 Sorry Jo, I'm unsure what you mean. Can you elaborate on this please? - Ceri

[Turn 9 | CUSTOMER | @475295 | 2017-11-04 09:32:47] (in reply to 1532290):
@Tesco I’m not giving the exact date lol 
But example if my date was 6th November would I be there ready on the 5th for midnight 6th to strike lol

[Turn 10 | TESCO | @Tesco | 2017-11-04 13:31:23] (in reply to 1532291):
@475295 Yes this is correct, Jo. The slots are released at 00:01 on each day that the slots are available to book. Charlotte

[Turn 11 | CUSTOMER | @475295 | 2017-11-04 15:08:59] (in reply to 1532292):
@Tesco Going to be a long day waiting  🤣😂

[Turn 12 | TESCO | @Tesco | 2017-11-05 01:14:53] (in reply to 1532293):
@475295 Not to long hopefully :)",delivery_and_orders,do_not_escalate,none,Delivery Saver Christmas slot booking timeline,
195,1493001,14,27575.7,Clean; Branching,"[Turn 0 | CUSTOMER | @466712 | 2017-10-16 16:49:12] (root):
@Tesco why have you removed Shopping Lists on your grocery site?????????????? Hateful. Annoying. Not making enough cash?

[Turn 1 | TESCO | @Tesco | 2017-10-16 22:28:43] (in reply to 1493001):
@466712 Hi Sophie, I'm really sorry for any inconvenience caused! The lists feature will be back at the end of next week - Emma

[Turn 2 | CUSTOMER | @466712 | 2017-11-03 10:52:40] (in reply to 1492999):
@Tesco Errrr, where is it then?????

[Turn 3 | TESCO | @Tesco | 2017-11-03 13:46:52] (in reply to 1493000):
@466712 Hi Sophie, they're back online now. Once you've logged in you'll see 'My Favourites' tab - click that and Shopping Lists will be there :)

[Turn 4 | CUSTOMER | @466712 | 2017-11-03 13:52:55] (in reply to 1493002):
@Tesco They're not shopping lists, they're lists I've bought before. I don't want the exact same stuff every time - need a new list facility???????

[Turn 5 | CUSTOMER | @466712 | 2017-11-03 13:56:16] (in reply to 1493003):
@Tesco And while I'm here, the Feedback option isn't working. Just takes you back to the homepage. And Search is still as rubbish as ever.

[Turn 6 | TESCO | @Tesco | 2017-11-03 15:40:39] (in reply to 1493004):
@466712 Hello Sophie, if you go to the My favourites tab at the top of the grocery website it'll then provide 3 new tabs 1/3

[Turn 7 | TESCO | @Tesco | 2017-11-03 15:40:40] (in reply to 1493004):
@466712 Then one of them is ""My Shoppings Lists""  Also the feedback tab is working, if you are having issues with this 2/3

[Turn 8 | TESCO | @Tesco | 2017-11-03 15:40:42] (in reply to 1493004):
@466712 I would advise using another browser or clearing any cache and cookies. I hope this helps! TY - Eilish 3/3

[Turn 9 | CUSTOMER | @466712 | 2017-11-03 15:48:01] (in reply to 1493006):
@Tesco But how do you write a new shopping list ?? You can’t.

[Turn 10 | TESCO | @Tesco | 2017-11-03 18:05:20] (in reply to 1493008):
@466712 At this time new lists aren't able to be created or edited. This is something we'll review in future. Charlotte

[Turn 11 | CUSTOMER | @466712 | 2017-11-04 09:43:49] (in reply to 1493009):
@Tesco Why? Just makes it harder.

[Turn 12 | TESCO | @Tesco | 2017-11-04 20:18:56] (in reply to 1493010):
@466712 Hi Sophie, I'm sorry for the frustration caused. I'd like to log your feedback. Can you DM your full name, address &amp; email? - Emma

[Turn 13 | CUSTOMER | @466712 | 2017-11-04 20:24:51] (in reply to 1493011):
@Tesco Will do.",website_and_app_technical,escalate,requires_pii_or_dm,Shopping list feature removed/limited on grocery site,
196,1136861,15,2963.8,Clean; Branching,"[Turn 0 | CUSTOMER | @387809 | 2017-10-28 15:26:47] (root):
@Tesco went to buy another baby bath seat but told they are recalled &amp; not for sale. What happens to my old one?? Do I return to store?

[Turn 1 | TESCO | @Tesco | 2017-10-28 16:17:18] (in reply to 1136861):
@387809 Hi Nicky, could you let me know what bath seat you have so I can look into this for you? Thanks - Dafydd https://t.co/py5Z991Bme

[Turn 2 | CUSTOMER | @387809 | 2017-10-28 16:23:50] (in reply to 1136860):
@Tesco Similar to this but white and blue. Tesco own brand. https://t.co/EU0K8jm3lC

[Turn 3 | TESCO | @Tesco | 2017-10-28 17:11:54] (in reply to 1136859):
@387809 Hi Nicky, https://t.co/Lhgp5Ikw5d, Is this the seat you are referring to? Ty - Darren

[Turn 4 | CUSTOMER | @387809 | 2017-10-28 17:12:58] (in reply to 1136858):
@Tesco Nope. It's a Tesco own brand one - for older babies as they sit upright in it. And it swivels.

[Turn 5 | TESCO | @Tesco | 2017-10-28 18:08:47] (in reply to 1136855):
@387809 Hi Nicky, thanks for confirming that, I've found the product on our system. There's no mention of a recall but I'll check this. 1/2

[Turn 6 | TESCO | @Tesco | 2017-10-28 18:08:54] (in reply to 1136855):
@387809 I'll get back to you once I know a bit more. Thanks - Dafydd 2/2

[Turn 7 | TESCO | @Tesco | 2017-10-29 11:56:04] (in reply to 1136855):
@387809 Hi Nicky. This item hasn't been recalled as it is still being sold online. You should be able to return it to the store. Thanks Calum

[Turn 8 | CUSTOMER | @387809 | 2017-10-29 12:05:23] (in reply to 1136857):
@Tesco Can you send me the link to it - I don't think we're talking about the same one. Why couldn't I buy it in store then?

[Turn 9 | TESCO | @Tesco | 2017-10-29 15:06:38] (in reply to 1400727):
@387809 Hi Nicky, This is the product my colleague was referring to. Link: https://t.co/hpGRFIl8Sm Thanks - Lee

[Turn 10 | CUSTOMER | @387809 | 2017-10-29 15:08:02] (in reply to 1400728):
@Tesco You're not reading what I'm saying. It's a Tesco own brand seat.

[Turn 11 | TESCO | @Tesco | 2017-10-30 07:58:09] (in reply to 1400729):
@387809 Hi Nicky. I'm so sorry about this. Are your able to send me a picture of the one you have as I can't find it online? Ty Karen

[Turn 12 | CUSTOMER | @387809 | 2017-10-30 12:39:28] (in reply to 1400730):
@Tesco No I can't see it online either. But 100% it was for sale in the Stevenage store. Previous one bought from Baldock store.

[Turn 13 | TESCO | @Tesco | 2017-10-30 14:41:10] (in reply to 1400731):
@387809 I think I've found it Nicky, let me look into this further and I'll get back to you when I have an update. Thanks for your patience, Leah.

[Turn 14 | TESCO | @Tesco | 2017-10-30 16:50:35] (in reply to 1400731):
@387809 Hi Nicky, our stock is on hold due to supplier issues. There's no eta on when it will become available, but we're working on this- Marian",stock_and_availability,do_not_escalate,none,Baby bath seat recall/availability query,
197,66059,15,2913.1,Clean; Branching,"[Turn 0 | CUSTOMER | @131113 | 2017-11-29 12:13:38] (root):
@112715 Congratulations for having oatcakes without palm oil.  I used to be able to buy these at my @Tesco (Baguley) but they seem to have stopped stocking them. Their loss, as I won't buy any with palm oil and will encourage my friends to buy yours.

[Turn 1 | TESCO | @Tesco | 2017-11-30 08:47:07] (in reply to 66059):
@131113 Hi Rosemary, I'm sorry you're no longer able to buy these oatcakes in your local store. Can you let me know the product barcode? I can check to see if this has been discontinued from the Baguley Extra store. TY - Alison

[Turn 2 | CUSTOMER | @131113 | 2017-11-30 08:57:23] (in reply to 66057):
@Tesco No of course I can't give you the product barcode. Where on earth would I get this?

[Turn 3 | TESCO | @Tesco | 2017-11-30 12:15:41] (in reply to 66058):
@131113 Hi Rosemary, I'm just looking into this for you. The Oatcakes you prefer are the ones without palm oil aren't they? Do you happen to know the brand or what alternatives they use instead of palm oil? Thank you - Brooke

[Turn 4 | CUSTOMER | @131113 | 2017-11-30 13:04:16] (in reply to 66060):
@Tesco Sunflower oil, olive oil. Just look up Paterson's website. It's not rocket science. Palm oil, even sustainable palm oil, destroys rainforests. Google Greenpeace. Lead the way in non-palm oil products. Most products have it. Eliminate it from Tesco's own brands. Be brave.

[Turn 5 | CUSTOMER | @131113 | 2017-11-30 13:05:28] (in reply to 66060):
@Tesco It's the environment and Orang Utangs which prefer companies not to use palm oil.

[Turn 6 | TESCO | @Tesco | 2017-11-30 14:45:28] (in reply to 66061):
@131113 Hi Rosemary. Are the oatcakes produced by Paterson's? Thanks, Calum

[Turn 7 | CUSTOMER | @131113 | 2017-11-30 15:46:50] (in reply to 66063):
@Tesco https://t.co/g0xjzCo1HS

[Turn 8 | TESCO | @Tesco | 2017-11-30 16:27:56] (in reply to 66064):
@131113 Hi Rosemary, we'd really love to help with this but we just need to try and establish which product you're talking about. Please can you tell me the name of the outcakes you are looking for? Thanks - Bryan

[Turn 9 | CUSTOMER | @131113 | 2017-11-30 16:49:39] (in reply to 66065):
@Tesco Speak to Calum

[Turn 10 | CUSTOMER | @131113 | 2017-11-30 16:49:54] (in reply to 66065):
@Tesco https://t.co/g0xjzCo1HS

[Turn 11 | TESCO | @Tesco | 2017-11-30 17:06:16] (in reply to 66066):
@131113 Hi Rosemary, please tell us the name of the specific product you are looking to purchase and then we can help you. Thanks - Bryan

[Turn 12 | CUSTOMER | @131113 | 2017-11-30 17:55:03] (in reply to 66068):
@Tesco We are going round and round here.  Paterson's oatcakes don't have palm oil and yours do.  Simple as that.  Any Paterson oatcake will do. None of them have palm oil.  Look into their products yourself and lead the way in being ethical by stopping using products with palm oil.

[Turn 13 | TESCO | @Tesco | 2017-12-01 12:46:41] (in reply to 66069):
@131113 Hi Rosemary, thanks for getting back to us. I'm really sorry for any confusion caused. It looks like there is an issue with the supplier and this why Paterson's Oatcakes are no longer available. 1/2

[Turn 14 | TESCO | @Tesco | 2017-12-01 12:46:44] (in reply to 66069):
@131113 I'm unable to say if they'll be coming back in stock but if they do we'll make them available where possible. Thanks, Jessica. 2/2",stock_and_availability,do_not_escalate,none,Store: Baguley Extra; discontinued oatcakes (palm oil),
198,160455,16,5514.9,Clean; Outbound-Root; Branching; Multi-Customer,"[Turn 0 | TESCO | @Tesco | 2017-11-24 18:07:56] (root):
Don't get stuck in the kitchen this Christmas – all our finest* party food cooks at the same temperature!

However you do Christmas, Everyone's Welcome at Tesco. #EveryonesWelcome

Full range in selected stores from 13/12. Subject to availability. Serving suggestion. https://t.co/UjXSJo5EIV

[Turn 1 | CUSTOMER | @152967 | 2017-11-24 18:12:05] (in reply to 160455):
@Tesco Will there be a vegetarian options available?

[Turn 2 | TESCO | @Tesco | 2017-11-24 18:37:40] (in reply to 160454):
@152967 There certainly will be Abi! Tomato And Mozzarella Sticks, Vintage Chedder And Onion Mini Pies, and Mini Pizzas just to name a few!

Check out the entire range here 😍

#EveryonesWelcome

https://t.co/tS1oqV7wRB https://t.co/qQTNRjd37R

[Turn 3 | CUSTOMER | @148623 | 2017-11-24 20:49:46] (in reply to 160455):
@Tesco Just get stuck in your own driveway when their delivery drivers block it on deliveries to save a few yards walking https://t.co/vSnm3267TZ

[Turn 4 | TESCO | @Tesco | 2017-11-24 21:55:37] (in reply to 160459):
@148623 Hello Vic, I am sorry one of my colleagues blocked your drive and I can appreciate this must have been very inconvenient. Can you please DM the time and full address of where this happened? I can log your feedback with the store. TY - Chris

[Turn 5 | CUSTOMER | @657803 | 2017-11-26 08:33:11] (in reply to 160455):
@Tesco Not stuck in my kitchen but stuck waiting for my card payment to go through for my xmas delivery slot !!!

[Turn 6 | TESCO | @Tesco | 2017-11-26 15:08:13] (in reply to 160466):
@657803 Hi Frances, I'm sorry you were having trouble with the site, I hope you were able to process the order. - Terri

[Turn 7 | CUSTOMER | @787239 | 2017-11-27 04:54:18] (in reply to 160455):
@Tesco dear Tesco, please do the right thing by your temp staff. this stinks.
https://t.co/FNgKlY1hQZ

[Turn 8 | TESCO | @Tesco | 2017-11-27 10:24:45] (in reply to 160469):
@787239 Hi Sukie, our policy is always to pay colleagues directly into their bank accounts wherever possible. We only issue a Tuxedo card by exception and as a last resort 1/2

[Turn 9 | TESCO | @Tesco | 2017-11-27 10:25:04] (in reply to 160469):
@787239 in situations where colleagues are unable to share bank details with us. Currently, of the 300,000 colleagues we employ in the UK, fewer than 200 are paid by Tuxedo Cards each month. TY - Leah 2/2

[Turn 10 | CUSTOMER | @787239 | 2017-11-28 08:37:50] (in reply to 2826051):
@Tesco thank you for the explanation Leah.
if 'unable' is because they have a credit issue (blacklisted, debt, etc), could not a giro or counter cashable cheque (without deductions) be arranged?
temporary workers earn little enough. tesco is a very big corporation.
only 200, as you say.

[Turn 11 | TESCO | @Tesco | 2017-11-28 14:02:38] (in reply to 2826052):
@787239 Hi there, Our policy is always to pay colleagues directly into their bank accounts wherever possible. This applies to all of our colleagues, both permanent and temporary 1/5

[Turn 12 | TESCO | @Tesco | 2017-11-28 14:02:41] (in reply to 2826052):
@787239 We make no distinction. Colleagues joining us to help serve customers over Christmas will be paid directly into their bank accounts as soon as they provide these details. 2/5

[Turn 13 | TESCO | @Tesco | 2017-11-28 14:02:43] (in reply to 2826052):
@787239 If any colleagues have been paid with a Tuxedo card, having provided bank details, we would encourage them to get in touch with us directly and we will look into the issue immediately.  3/5

[Turn 14 | TESCO | @Tesco | 2017-11-28 14:02:46] (in reply to 2826052):
@787239 One of the most important things to us at Tesco is that we have an inclusive workplace where everyone feels welcome and where we support people, no matter their circumstance. 4/5

[Turn 15 | TESCO | @Tesco | 2017-11-28 14:02:49] (in reply to 2826052):
@787239 We want to give all our colleagues the same opportunities and support, and this includes the way in which people are paid.  Thank you - Brooke 5/5",general_feedback_and_chitchat,escalate,requires_pii_or_dm,Delivery driver blocking driveway,Outbound thread also covers unrelated temp-staff pay policy topic
199,1316494,18,434.8,Clean; Branching; Multi-Customer,"[Turn 0 | CUSTOMER | @131778 | 2017-10-16 08:53:16] (root):
Nice one @tesco . Addlestone store practically empty of envelopes and the post office you run doesn’t sell them. Can’t send my item #fail https://t.co/Swb40Kia3E

[Turn 1 | CUSTOMER | @427525 | 2017-10-16 09:07:53] (in reply to 1316494):
@131778 @Tesco I always ""borrow"" some from work!

[Turn 2 | CUSTOMER | @131778 | 2017-10-16 09:10:20] (in reply to 1316493):
@427525 @Tesco We have to “buy” stationary through the intranet. Would be quicker to make them

[Turn 3 | TESCO | @Tesco | 2017-10-16 11:16:57] (in reply to 1316479):
@131778 Hi, sorry to hear that there were no envelopes at this time. Could you just confirm what envelopes these were? - David

[Turn 4 | CUSTOMER | @131778 | 2017-10-16 11:51:26] (in reply to 1316477):
@Tesco Any padded envelope but the shelves were pretty empty of any alternatives.

[Turn 5 | TESCO | @Tesco | 2017-10-16 12:10:47] (in reply to 1316478):
@131778 Sorry there weren't any suitable alternatives either! Did you report this to the store at the time? Did they advise anything? TY - Elise

[Turn 6 | CUSTOMER | @131779 | 2017-10-16 12:26:58] (in reply to 1316480):
@Tesco @131778 That store is hopeless lately, many of us have fed back many times. Nothing changes, except we shop elsewhere now.

[Turn 7 | CUSTOMER | @131778 | 2017-10-16 12:34:53] (in reply to 1316480):
@Tesco No, I went to the Post Office only to be  told that I had to go to Tesco’s to buy envelopes.  Hopeless.

[Turn 8 | CUSTOMER | @131778 | 2017-10-16 13:02:31] (in reply to 1316481):
@131779 @Tesco Me too now but they run the post office and they’re knackering that service now as well.

[Turn 9 | TESCO | @Tesco | 2017-10-16 13:41:20] (in reply to 1316481):
@131779 Hi Ben, would you be able to DM us your full name and address and details about your experience today. Thanks James

[Turn 10 | CUSTOMER | @131779 | 2017-10-16 13:46:20] (in reply to 1316484):
@Tesco Been done before, nothing changes. No longer worth the effort.

[Turn 11 | TESCO | @Tesco | 2017-10-16 15:11:50] (in reply to 1316485):
@131779 Hi Ben, I'm really sorry you feel this way, we value our customers and want an enjoyable shopping experience for them. 1/4

[Turn 12 | TESCO | @Tesco | 2017-10-16 15:11:52] (in reply to 1316485):
@131779 With this in mind could you please elaborate on where our store could make improvements and I'll feed them back to the store 3/4

[Turn 13 | TESCO | @Tesco | 2017-10-16 15:11:58] (in reply to 1316485):
@131779 We believe that feedback to our stores is vital for this, we issue your feedback  to our stores for management to see and improve on. 2/4

[Turn 14 | TESCO | @Tesco | 2017-10-16 15:12:01] (in reply to 1316485):
@131779 I'll also need you to DM your name, address and postcode so that I can make an internal log of this for future consideration. - Nick 4/4

[Turn 15 | CUSTOMER | @131779 | 2017-10-16 15:12:53] (in reply to 1316490):
@Tesco Like I said to James earlier. Waste of time. Many have fed back before. Nothing changes.

[Turn 16 | CUSTOMER | @131778 | 2017-10-16 16:07:35] (in reply to 1316484):
@Tesco @131779 It was me actually not Ben, but never mind. He’s right, this store is always half empty, we’ve all fed back many times, do a search.

[Turn 17 | TESCO | @Tesco | 2017-10-16 16:08:01] (in reply to 1316491):
@131779 Hi Ben, I'm really sorry you feel this way, you know where we are if you change your mind. - Nick",store_experience_and_staff,escalate,requires_pii_or_dm,Store: Addlestone; stock and in-store post office service complaints,
200,1683714,21,13085.0,Clean; Outbound-Root; Branching; Multi-Customer,"[Turn 0 | TESCO | @Tesco | 2017-11-06 11:55:46] (root):
Too early to start talking about Christmas? Surely not!
However you do Christmas, we’ve got a turkey for you. #EveryonesWelcome https://t.co/Iun5467JJi

[Turn 1 | CUSTOMER | @511764 | 2017-11-06 12:10:05] (in reply to 1683714):
@Tesco @tesco Your Online supplier The Entertainer - ridiculous - lost a Dolls House since Friday. 1 very disappointed kid on my hands. NOT good!

[Turn 2 | CUSTOMER | @496482 | 2017-11-06 12:42:19] (in reply to 1683714):
@Tesco Wouldn't want to use tesco again after the rude service from Claire yesterday... still waking for a call @Tesco !!!!

[Turn 3 | TESCO | @Tesco | 2017-11-06 16:48:05] (in reply to 1683712):
@511764 Hi Jennifer, I'm really sorry to hear that you've had some issues with a Tesco Direct order.  1/2

[Turn 4 | TESCO | @Tesco | 2017-11-06 16:48:07] (in reply to 1683712):
@511764 Can you please DM your full name, address &amp; order number? I'll pass your feedback on to them. Kind regards - Andy S 2/2

[Turn 5 | CUSTOMER | @649965 | 2017-11-07 16:45:37] (in reply to 1683714):
@Tesco Who is singing on the advert?

[Turn 6 | CUSTOMER | @649965 | 2017-11-07 16:46:50] (in reply to 1683748):
@Tesco Please settle the debate before you send @649964 mad!! 😂😜 Xx

[Turn 7 | CUSTOMER | @631266 | 2017-11-08 20:34:30] (in reply to 1683729):
@496482 @Tesco You'll keep waiting. Had 2 issues with my local Tesco. My daughter was injured there. They couldn't give a toss.

[Turn 8 | TESCO | @Tesco | 2017-11-08 21:17:40] (in reply to 2147656):
@631266 Hi Dante. Sorry to hear about your daughter's injury. I'd be happy to look into it for you from here if you DM me more details. TY - Cam https://t.co/py5Z991Bme

[Turn 9 | TESCO | @Tesco | 2017-11-10 08:43:18] (in reply to 2226635):
@649965 @649964 Christmas is a time of year we all know and celebrate, yet we all do it differently. This became our strategy for music, take a Christmas song we all recognise, and re-imagine it in different styles. 1/2

[Turn 10 | TESCO | @Tesco | 2017-11-10 08:43:30] (in reply to 2226635):
@649965 @649964 In this case, Shaking Steven's Merry Christmas Everyone. 2/2

[Turn 11 | CUSTOMER | @649964 | 2017-11-10 08:58:01] (in reply to 2226634):
@Tesco @649965 I totally agree, love this version! Can you confirm it’s the wonder singer/songwriter Rachel Sermanni singing? 🎅🏻🎄

[Turn 12 | TESCO | @Tesco | 2017-11-10 09:42:02] (in reply to 2226632):
@649964 Christmas is a time of year we all know and celebrate, yet we all do it differently. 1/2

[Turn 13 | TESCO | @Tesco | 2017-11-10 09:42:07] (in reply to 2226632):
@649964 This became our strategy for music, take a Christmas song we all recognise, and re-imagine it in different styles. in this case, Shaking Steven's Merry Christmas Everyone. Thanks - Leighton

[Turn 14 | CUSTOMER | @691218 | 2017-11-14 07:52:24] (in reply to 1683714):
@Tesco I don’t want a turkey though. Have you got anything vegetarian for me? Rather than eating an animal? :(

[Turn 15 | CUSTOMER | @689485 | 2017-11-14 10:36:06] (in reply to 1683714):
@Tesco Absolutely love the Add @Tesco well done guys, we can change the world into the place we won't to live in

[Turn 16 | TESCO | @Tesco | 2017-11-14 11:48:11] (in reply to 1683821):
@689485 Glad you like the advert Simon! 😊 What food makes Christmas for you?

[Turn 17 | TESCO | @Tesco | 2017-11-14 13:57:46] (in reply to 1683818):
@691218 Yes we have a few tasty dishes you might like Tesco Portobello Mushroom Wellington (£3.00) or how about trying to cook up some thing delicious 

https://t.co/hjPGfd0wzs 

https://t.co/qzvnNwmY6C

[Turn 18 | CUSTOMER | @707623 | 2017-11-14 17:47:59] (in reply to 1683714):
@Tesco Great ad @Tesco! I love the inclusiveness and of course, the humour.

[Turn 19 | TESCO | @Tesco | 2017-11-15 13:16:34] (in reply to 1683860):
@707623 Thanks Jill 😇 What's the plan for Christmas for you this year?

[Turn 20 | CUSTOMER | @707624 | 2017-11-15 14:00:44] (in reply to 2475232):
@Tesco @707623 Plan is to never shop in your store again...Tesco is close to my house but will not shop there anymore...Thanks",store_experience_and_staff,escalate,formal_complaint,Outbound Christmas thread,"Multi-customer branching thread: lost delivery, rude service, and a child injury claim raised in same thread"
